Epoch,Total_Loss,PDE_Loss,IC_Loss,BC_Loss,Elapsed_Time
100,144.77247619628906,0.021051308140158653,1.38680899143219,0.060705237090587616,983.24
200,99.39820861816406,0.04525439813733101,0.7619116902351379,0.23161780834197998,39703.48
300,34.248069763183594,0.04877224564552307,0.3191758990287781,0.022817078977823257,944.51
400,20.837326049804688,0.08458198606967926,0.2007840871810913,0.006743350997567177,834.09
500,18.637325286865234,0.07811232656240463,0.18219171464443207,0.003400428220629692,824.39
600,16.68781852722168,0.07803254574537277,0.16388912498950958,0.0022087241522967815,683.15
700,13.223288536071777,0.08191416412591934,0.1298835575580597,0.0015301848761737347,654.77
800,10.260148048400879,0.12088258564472198,0.10058310627937317,0.0008095480734482408,698.95
900,9.497218132019043,0.10621471703052521,0.0933021605014801,0.0006078705773688853,651.95
1000,9.166905403137207,0.0878247395157814,0.09025555849075317,0.000535246857907623,643.51
1100,9.00236701965332,0.07466011494398117,0.08878599852323532,0.000491068814881146,735.54
1200,8.91238784790039,0.0654982477426529,0.08801130950450897,0.0004575785424094647,663.96
1300,8.857380867004395,0.058892056345939636,0.08755677193403244,0.00042811085586436093,657.54
1400,8.819011688232422,0.053909916430711746,0.08725016564130783,0.0004008504911325872,651.10
1500,8.788847923278809,0.04999837279319763,0.08701268583536148,0.0003758160746656358,673.26
1600,8.76300048828125,0.046774666756391525,0.08680889755487442,0.0003533519629854709,652.95
1700,8.73964786529541,0.04404512792825699,0.08662251383066177,0.0003335103683639318,634.14
1800,8.717909812927246,0.04168650507926941,0.08644592761993408,0.00031631524325348437,635.37
1900,8.697470664978027,0.039509695023298264,0.08627623319625854,0.0003033742250408977,655.84
2000,8.677704811096191,0.03770894184708595,0.08610989898443222,0.00029005901888012886,685.64
2100,8.658833503723145,0.03601967170834541,0.0859479084610939,0.0002802381932269782,640.51
2200,8.642377853393555,0.034632157534360886,0.08580458909273148,0.0002728710533119738,657.57
2300,8.6264066696167,0.03330491483211517,0.08566367626190186,0.0002673367562238127,652.91
2400,8.610748291015625,0.032154787331819534,0.08552449941635132,0.00026142867864109576,643.58
2500,8.595479965209961,0.031032150611281395,0.08538749814033508,0.0002569753851275891,655.18
2600,8.58050537109375,0.029963061213493347,0.08525224030017853,0.00025318594998680055,655.78
2700,8.565752983093262,0.02894211933016777,0.08511826395988464,0.00024984197807498276,665.23
2800,8.552102088928223,0.02796841785311699,0.08499431610107422,0.00024701887741684914,650.19
2900,8.536994934082031,0.026966271921992302,0.08485563099384308,0.00024465148453600705,665.21
3000,8.522651672363281,0.02604605257511139,0.08472355455160141,0.00024250298156403005,666.00
3100,8.508589744567871,0.02514593116939068,0.08459356427192688,0.00024088373174890876,652.18
3200,8.494868278503418,0.02430185303092003,0.0844661220908165,0.0002395399787928909,659.71
3300,8.487828254699707,0.0233786441385746,0.08440440893173218,0.00024008637410588562,666.37
3400,8.46534252166748,0.022693777456879616,0.08418816328048706,0.00023831907310523093,659.69
3500,8.449782371520996,0.022011123597621918,0.08403968065977097,0.0002380359364906326,647.01
3600,8.432245254516602,0.021400265395641327,0.08387002348899841,0.00023843061353545636,655.15
3700,8.411975860595703,0.02088220790028572,0.08367205411195755,0.00023887635325081646,653.36
3800,8.386777877807617,0.020455682650208473,0.08342357724905014,0.00023964613501448184,666.88
3900,8.355254173278809,0.02014009654521942,0.08311060816049576,0.00024054027744568884,662.01
4000,8.31525707244873,0.019970953464508057,0.08271126449108124,0.0002415901981294155,660.32
4100,8.268561363220215,0.01995367370545864,0.08224387466907501,0.00024220139312092215,653.39
4200,8.220141410827637,0.020073801279067993,0.08175823837518692,0.00024243266670964658,659.87
4300,8.165485382080078,0.020339325070381165,0.08120977878570557,0.00024169409880414605,669.88
4400,8.111213684082031,0.020629601553082466,0.08066760003566742,0.0002382352395216003,674.73
4500,8.05191421508789,0.02123274654150009,0.08007057756185532,0.00023623890592716634,668.31
4600,8.048686981201172,0.022297635674476624,0.08001478016376495,0.00024911033688113093,657.99
4700,7.947948455810547,0.022321617230772972,0.07902726531028748,0.00022899908071849495,663.60
4800,7.9021453857421875,0.02272893488407135,0.07856760919094086,0.0002265557268401608,665.54
4900,7.860962390899658,0.02283261902630329,0.07815562188625336,0.00022567810083273798,716.23
5000,7.820961952209473,0.02270570583641529,0.07775764912366867,0.0002249143726658076,660.42
5100,7.807197570800781,0.022098276764154434,0.07761120796203613,0.00023978596436791122,659.15
5200,7.731753826141357,0.021535372361540794,0.07687626779079437,0.00022591602464672178,653.28
5300,7.6737189292907715,0.02064546011388302,0.07630397379398346,0.00022676227672491223,654.71
5400,7.600432395935059,0.019703952595591545,0.07558006793260574,0.00022721680579707026,677.99
5500,7.5038652420043945,0.01891673542559147,0.07462182641029358,0.0002276595332659781,667.96
5600,7.37546443939209,0.018426446244120598,0.07334458827972412,0.000225790761760436,658.03
5700,7.204290866851807,0.018452748656272888,0.07163549959659576,0.00022288391483016312,661.16
5800,6.982924461364746,0.019084986299276352,0.06942040473222733,0.00021799134265165776,667.21
5900,6.691411972045898,0.020355291664600372,0.06650300323963165,0.00020756178128067404,663.31
6000,6.382778644561768,0.022109856829047203,0.06343140453100204,0.0001752787793520838,664.19
6100,6.112630844116211,0.022908370941877365,0.06074632704257965,0.00015089863154571503,671.92
6200,5.881336688995361,0.02359079010784626,0.05844389647245407,0.0001335652923444286,659.70
6300,5.635627269744873,0.025230759754776955,0.055997513234615326,0.00010645100701367483,652.84
6400,5.368865013122559,0.026700109243392944,0.05331872031092644,0.00010293192462995648,661.15
6500,5.117002010345459,0.03173118457198143,0.05072900652885437,0.00012369939940981567,680.40
6600,4.895517826080322,0.0330987311899662,0.04853450879454613,8.968492329586297e-05,665.46
6700,5.026131629943848,0.037176746875047684,0.04977110028266907,0.00011844892287626863,656.61
6800,4.469066619873047,0.03373507410287857,0.04426122084259987,9.209134441334754e-05,659.57
6900,4.431435585021973,0.03232451528310776,0.04390612989664078,8.497999078826979e-05,688.86
7000,4.245685577392578,0.030870851129293442,0.042055077850818634,9.307074651587754e-05,670.87
7100,4.164760112762451,0.030041273683309555,0.041252024471759796,9.516347199678421e-05,815.24
7200,4.06319522857666,0.028860971331596375,0.04023190960288048,0.00011143099254695699,3405.28
7300,3.9789555072784424,0.028662027791142464,0.03940131515264511,0.00010162186663364992,4240.28
7400,4.0430755615234375,0.028968386352062225,0.040016286075115204,0.00012479061842896044,1248.87
7500,3.9523138999938965,0.02892826497554779,0.03913567215204239,9.818351099966094e-05,1280.26
7600,3.841529607772827,0.026861993595957756,0.038026679307222366,0.00011999792332062498,793.43
7700,4.0363569259643555,0.03009158931672573,0.03993186354637146,0.00013078624033369124,842.23
7800,3.7456531524658203,0.026415828615427017,0.037081003189086914,0.00011136929242638871,827.42
7900,3.777125120162964,0.02714032493531704,0.03738579526543617,0.00011405281838960946,839.37
8000,3.6789674758911133,0.026204299181699753,0.036420952528715134,0.00010667760943761095,781.16
8100,3.701627731323242,0.02686045691370964,0.03664104640483856,0.0001066252079908736,757.82
8200,3.5522618293762207,0.025200624018907547,0.03517846390604973,9.214899910148233e-05,755.56
8300,3.549828052520752,0.025160128250718117,0.03515876084566116,8.79200961207971e-05,763.24
8400,3.560853958129883,0.026010235771536827,0.03525203466415405,9.640328789828345e-05,766.09
8500,3.5058414936065674,0.024926742538809776,0.03472472354769707,8.442400576313958e-05,787.11
8600,3.4786274433135986,0.02546685002744198,0.034440260380506516,9.13442563614808e-05,784.48
8700,3.452732563018799,0.02535846084356308,0.034183792769908905,8.994759991765022e-05,792.86
8800,3.4149041175842285,0.024310700595378876,0.03382669761776924,7.923769589979202e-05,791.25
8900,3.4334774017333984,0.025769688189029694,0.03398602455854416,9.105269418796524e-05,791.26
9000,3.319597005844116,0.02342873439192772,0.032879412174224854,8.227220678236336e-05,791.55
9100,3.3013916015625,0.023635484278202057,0.0326952300965786,8.233246626332402e-05,787.86
9200,3.317929744720459,0.023893063887953758,0.032861724495887756,7.864353392506018e-05,782.94
9300,3.366018056869507,0.025060370564460754,0.033330127596855164,7.944871322251856e-05,776.09
9400,3.241157293319702,0.023301638662815094,0.03209977596998215,7.87807657616213e-05,792.11
9500,3.207993984222412,0.0227232463657856,0.03177343308925629,7.927460683276877e-05,787.42
9600,3.276798963546753,0.024558113887906075,0.032433006912469864,8.940296538639814e-05,780.83
9700,3.2657177448272705,0.02420017123222351,0.032338108867406845,7.706557516939938e-05,852.26
9800,3.1293325424194336,0.021806912496685982,0.030997756868600845,7.749873475404456e-05,793.80
9900,3.103830337524414,0.02193329855799675,0.03074173629283905,7.72338971728459e-05,774.89
10000,3.0759644508361816,0.02184232696890831,0.030464723706245422,7.649952021893114e-05,818.97
10100,8.919074058532715,0.03602791577577591,0.7206475734710693,0.1352318972349167,996.90
10200,3.7175896167755127,0.030254554003477097,0.3206196427345276,0.02088477462530136,1217.35
10300,2.497653007507324,0.024166256189346313,0.21610993146896362,0.009489115327596664,885.11
10400,2.088441848754883,0.015457525849342346,0.187736377120018,0.005650271195918322,832.59
10500,1.8476675748825073,0.01101283635944128,0.16974401473999023,0.004009896889328957,758.16
10600,1.4888159036636353,0.00957646407186985,0.13633017241954803,0.0029749544337391853,746.78
10700,1.1559809446334839,0.008390987291932106,0.10544930398464203,0.001757800579071045,856.85
10800,1.0243865251541138,0.006519974209368229,0.0947619378566742,0.0011567363981157541,774.09
10900,0.9685608148574829,0.005079407710582018,0.09089823812246323,0.0008784328820183873,766.10
11000,0.9369847178459167,0.0038738325238227844,0.08911357820034027,0.0007110616425052285,816.70
11100,0.9173393845558167,0.003037527669221163,0.08812247216701508,0.0005739347543567419,795.07
11200,0.9046429991722107,0.002461437601596117,0.08748694509267807,0.0005159123102203012,791.37
11300,0.8960310816764832,0.0020792714785784483,0.08704184740781784,0.00048198766307905316,802.28
11400,0.8899000883102417,0.0017970326589420438,0.08671239018440247,0.000480589282233268,804.78
11500,0.8910989761352539,0.002187688834965229,0.0864337682723999,0.0004884431255050004,7807.47
11600,0.8807880282402039,0.0014101214474067092,0.08618444204330444,0.00048424291890114546,803.53
11700,0.8774765729904175,0.0013014832511544228,0.08595998585224152,0.000486186909256503,733.46
11800,0.8741542100906372,0.001169238006696105,0.08575314283370972,0.0004930400173179805,740.30
11900,0.8714473247528076,0.0010838776361197233,0.08556361496448517,0.0004972437745891511,740.36
12000,0.8689699769020081,0.0010150689631700516,0.08537904918193817,0.0005028770538046956,751.35
12100,0.8682926893234253,0.0010211560875177383,0.08526861667633057,0.0005394915351644158,735.71
12200,0.8663167953491211,0.000960830133408308,0.0851292684674263,0.00054157804697752,739.60
12300,0.8644652366638184,0.0009174916194751859,0.08498428761959076,0.0005447401781566441,732.83
12400,0.862743616104126,0.0008838990470394492,0.08484408259391785,0.0005463805864565074,733.51
12500,0.8610167503356934,0.0008557209512218833,0.08469612151384354,0.0005498334066942334,743.45
12600,0.8593516945838928,0.0008333332370966673,0.08455023169517517,0.0005516044911928475,733.32
12700,0.8576024770736694,0.0008139322744682431,0.08439072966575623,0.0005555878742597997,737.41
12800,0.8558509349822998,0.000798863940872252,0.084228515625,0.0005577132105827332,733.98
12900,0.8539121747016907,0.000786030141171068,0.08404252678155899,0.0005626647616736591,734.50
13000,0.851853609085083,0.0007767013739794493,0.08384273946285248,0.0005659146117977798,750.95
13100,0.8549328446388245,0.0011793110752478242,0.08368203788995743,0.00063193344976753,736.65
13200,0.8494607210159302,0.0008779293857514858,0.08344835788011551,0.0006197859765961766,733.66
13300,0.8465927839279175,0.0008631643140688539,0.08317543566226959,0.0006206788821145892,736.03
13400,0.8436897397041321,0.0008895091013982892,0.0828508511185646,0.0006286128191277385,737.95
13500,0.8404130935668945,0.0009183507645502687,0.08249038457870483,0.0006325722788460553,25408.68
13600,0.8355684280395508,0.0008725312654860318,0.08202848583459854,0.0006558278691954911,1877.16
13700,0.8307892680168152,0.000884092936757952,0.0815189853310585,0.0006758503732271492,872.80
13800,0.8253527879714966,0.0008987479377537966,0.08093850314617157,0.0006980246980674565,821.27
13900,0.8191713690757751,0.0009058426367118955,0.0802948996424675,0.0007163944537751377,762.10
14000,0.8123841285705566,0.000909057620447129,0.07960060238838196,0.0007287480402737856,759.64
14100,0.805214524269104,0.000917227880563587,0.07892195880413055,0.0006822624709457159,792.46
14200,0.79816734790802,0.000935520336497575,0.07823018729686737,0.00065102573717013,1139.21
14300,0.7917607426643372,0.0009261851664632559,0.07762014865875244,0.0006297408253885806,1109.13
14400,0.7861665487289429,0.0009415065869688988,0.07705838233232498,0.000616762787103653,818.54
14500,0.7808820009231567,0.0009543284540995955,0.07652919739484787,0.0006046707276254892,807.12
14600,0.7757390141487122,0.0009661428048275411,0.07601353526115417,0.0005942206480540335,922.25
14700,0.7705930471420288,0.0009905954357236624,0.0754825696349144,0.000586142938118428,1023.74
14800,0.7650088667869568,0.0010003942297771573,0.0749167874455452,0.0005837109056301415,808.84
14900,0.7658048272132874,0.0016550372820347548,0.07433748245239258,0.0005879646050743759,803.23
15000,0.7529468536376953,0.0010838378220796585,0.07363858819007874,0.0005722584901377559,782.66
15100,0.7593511343002319,0.0020962010603398085,0.0731949657201767,0.0006439429707825184,799.95
15200,0.7496063113212585,0.001999357482418418,0.07232484221458435,0.0006364291184581816,778.02
15300,0.7343201637268066,0.00132095068693161,0.07146964222192764,0.0006414211820811033,892.76
15400,0.7336745858192444,0.00206309393979609,0.07064729928970337,0.0006570625118911266,775.47
15500,0.7228754758834839,0.0018073570681735873,0.06981995701789856,0.0006602366920560598,741.10
15600,0.7097356915473938,0.0012920574517920613,0.06902522593736649,0.0006562888156622648,888.99
15700,0.7029052376747131,0.0013453743886202574,0.06828384101390839,0.0006613051518797874,868.03
15800,0.695057213306427,0.0012496424606069922,0.0676017701625824,0.0006543092895299196,862.07
15900,0.6885356307029724,0.0012304404517635703,0.06697098910808563,0.0006521298200823367,1252.04
16000,0.6853779554367065,0.001356009510345757,0.0665106475353241,0.0006711380556225777,1201.28
16100,0.6792240738868713,0.0013267582980915904,0.06591662764549255,0.0006790198967792094,762.28
16200,0.6727645993232727,0.0011965078301727772,0.06539352238178253,0.0006864300230517983,743.44
16300,0.6674008369445801,0.0011542636202648282,0.06490162760019302,0.000684197002556175,729.07
16400,0.6618171334266663,0.0011070598848164082,0.06439201533794403,0.0006826329627074301,774.03
16500,0.6568924784660339,0.0010982528328895569,0.06391114741563797,0.0006798476679250598,749.52
16600,0.6525420546531677,0.0011108199832960963,0.0634695515036583,0.0006738285883329809,741.66
16700,0.6518645286560059,0.0015055991243571043,0.0630064532160759,0.0006743973353877664,764.45
16800,0.6422013640403748,0.0010529663413763046,0.062495943158864975,0.0006712325848639011,745.24
16900,0.6371483206748962,0.0010129341389983892,0.06203386187553406,0.000668034830596298,746.68
17000,0.6328262090682983,0.0010444652289152145,0.06157176196575165,0.0006663930253125727,742.94
17100,0.6316161155700684,0.0012363927671685815,0.061333030462265015,0.0005921873962506652,758.72
17200,0.6262702941894531,0.0011248650262132287,0.06092643365263939,0.0005757350591011345,2254.03
17300,0.6215461492538452,0.0010754538234323263,0.0605192556977272,0.0005599060677923262,1461.13
17400,0.6170516610145569,0.0010433357674628496,0.060113467276096344,0.0005483627901412547,1413.83
17500,0.6122024059295654,0.0010281261056661606,0.05965576320886612,0.000536351406481117,5691.31
17600,0.6072102189064026,0.0010254493681713939,0.05916806310415268,0.000527508498635143,783.29
17700,0.6015888452529907,0.001043706783093512,0.05859699472784996,0.0005181859014555812,762.96
17800,0.595371425151825,0.0010461912024766207,0.05798039957880974,0.0005105471354909241,760.91
17900,0.5887412428855896,0.001084691728465259,0.057284872978925705,0.0005045596044510603,766.52
18000,0.5815021395683289,0.0011313850991427898,0.05651736631989479,0.0005014625494368374,753.78
18100,0.6110327243804932,0.0029338079039007425,0.05759698152542114,0.000572484394069761,754.08
18200,0.5984779596328735,0.002494317013770342,0.056852370500564575,0.0005011102184653282,760.28
18300,0.5901128053665161,0.002295423997566104,0.05623596906661987,0.0004798906738869846,761.83
18400,0.5831151604652405,0.0022214502096176147,0.05562131851911545,0.00046874978579580784,768.20
18500,0.5772623419761658,0.0022855999413877726,0.054980289191007614,0.00046034337719902396,764.54
18600,0.5714704990386963,0.002205491531640291,0.05446917191147804,0.0004723829624708742,763.31
18700,0.564694344997406,0.0023533671628683805,0.05365384370088577,0.00046223061508499086,815.59
18800,0.5614474415779114,0.0025547901168465614,0.05313768610358238,0.0004522701492533088,758.16
18900,0.5520040392875671,0.0023908119183033705,0.05234629660844803,0.0004632973577827215,777.53
19000,0.5461465120315552,0.0023579932749271393,0.0517815500497818,0.000475108390673995,764.65
19100,0.5587844252586365,0.002930602990090847,0.05244322121143341,0.000504621653817594,764.08
19200,0.5444830656051636,0.002546170260757208,0.05138077214360237,0.0005213632248342037,796.30
19300,0.535338282585144,0.00234810053370893,0.05064202472567558,0.0005436997162178159,764.75
19400,0.5278418660163879,0.002232963452115655,0.0499860979616642,0.0005651260144077241,767.46
19500,0.5210344195365906,0.002157629234716296,0.04935881495475769,0.0005869984161108732,755.14
19600,0.5145934224128723,0.0021023156587034464,0.048747655004262924,0.0006093665724620223,765.76
19700,0.5083924531936646,0.0020558335818350315,0.04815160110592842,0.000631807604804635,751.93
19800,0.5023557543754578,0.0020100465044379234,0.04757188633084297,0.0006536439759656787,763.00
19900,0.49693915247917175,0.0019494539592415094,0.047075264155864716,0.0006691960152238607,755.31
20000,0.4914802312850952,0.0018809037283062935,0.046579793095588684,0.0006873243837617338,763.10
20100,0.8713656663894653,0.0056305378675460815,0.08020935952663422,0.0012966623762622476,763.60
20200,0.6492387652397156,0.004205625969916582,0.059889763593673706,0.0008284866926260293,756.24
20300,0.6123684048652649,0.004068180453032255,0.05634402483701706,0.0008246353827416897,765.37
20400,0.5727715492248535,0.0038850093260407448,0.05250117927789688,0.000890972965862602,755.71
20500,0.5492518544197083,0.003376152366399765,0.050567880272865295,0.0009811591589823365,764.64
20600,0.5285495519638062,0.0029395781457424164,0.04885585233569145,0.001059526577591896,809.36
20700,0.514332115650177,0.002594609512016177,0.04773932695388794,0.001099277869798243,760.80
20800,0.5047634243965149,0.0023929523304104805,0.046989258378744125,0.0010941318469122052,759.52
20900,0.49713432788848877,0.0022499447222799063,0.04640583321452141,0.0010576557833701372,751.65
21000,0.49044734239578247,0.002144648926332593,0.04589619114995003,0.0010038948385044932,13080.62
21100,0.7370418310165405,0.00681312708184123,0.06598565727472305,0.0009054013644345105,797.26
21200,9.381728172302246,0.03401970863342285,0.7433358430862427,0.16081728041172028,811.01
21300,3.9826138019561768,0.021795881912112236,0.35961735248565674,0.0168481282889843,1226.63
21400,2.4966797828674316,0.02062941901385784,0.22205889225006104,0.006979647092521191,952.92
21500,2.1452391147613525,0.015736214816570282,0.19418945908546448,0.004598238971084356,3969.62
21600,1.9657148122787476,0.0123977679759264,0.18069395422935486,0.00347975455224514,1323.36
21700,1.768371820449829,0.01032908633351326,0.1636836677789688,0.002824419643729925,1323.12
21800,1.4214023351669312,0.009126786142587662,0.13085395097732544,0.0021594970021396875,1752.69
21900,1.1017333269119263,0.008163303136825562,0.10087323188781738,0.0011367895640432835,1131.57
22000,1.0065644979476929,0.00685408990830183,0.09293553978204727,0.0008668230730108917,822.54
22100,0.9622629880905151,0.005528161767870188,0.08991142362356186,0.0007867104141041636,1041.02
22200,0.9379483461380005,0.004539040848612785,0.08853854238986969,0.0007172533078119159,1041.86
22300,0.9229437708854675,0.0037985285744071007,0.08782319724559784,0.0006726523279212415,1693.51
22400,0.912859320640564,0.0032892348244786263,0.08736288547515869,0.0006338113453239202,4227.91
22500,0.905248761177063,0.002896514255553484,0.08701831847429276,0.0006100476020947099,928.28
22600,0.8990046381950378,0.0025777234695851803,0.0867331326007843,0.0005896087386645377,1265.64
22700,8.554736137390137,0.03184882551431656,0.7593570947647095,0.06426776200532913,991.33
22800,4.228418827056885,0.020440205931663513,0.3844631016254425,0.017938559874892235,1141.03
22900,2.584628105163574,0.021669603884220123,0.22793996334075928,0.008853243663907051,801.94
23000,2.1288082599639893,0.017107579857110977,0.1885281801223755,0.007245074491947889,833.91
23100,1.8241186141967773,0.012491611763834953,0.16484686732292175,0.005073382053524256,819.40
23200,1.3353300094604492,0.009858301840722561,0.12072564661502838,0.0029490599408745766,918.14
23300,1.0839341878890991,0.007188997697085142,0.0997128039598465,0.0014916141517460346,764.62
23400,0.9993215203285217,0.005812993273139,0.09314275532960892,0.0009764046408236027,802.33
23500,0.9594447612762451,0.004732031840831041,0.0904662162065506,0.000746234436519444,838.21
23600,0.9368202090263367,0.003958657383918762,0.08908851444721222,0.0006348566384986043,881.35
23700,0.9221951961517334,0.003393166931346059,0.08825039118528366,0.0005759597988799214,990.44
23800,0.911360502243042,0.0029214625246822834,0.08767010271549225,0.0005444911075755954,4644.74
23900,0.9030441641807556,0.0025620684027671814,0.0872267559170723,0.0005155907128937542,1086.69
24000,0.8965135812759399,0.002280528424307704,0.08687586337327957,0.0004949716385453939,934.29
24100,0.890518844127655,0.002047828631475568,0.0865718275308609,0.0004322261374909431,900.65
24200,0.885723352432251,0.0018498426070436835,0.0863000899553299,0.00042240580660291016,932.76
24300,0.8816990852355957,0.001686762785539031,0.08606673032045364,0.00041641495772637427,909.90
24400,0.8782978653907776,0.0015560653991997242,0.08586083352565765,0.0004128862638026476,1377.67
24500,0.8754828572273254,0.0014418927021324635,0.08568620681762695,0.00042019077227450907,880.02
24600,0.8727648258209229,0.0013376505812630057,0.08551643043756485,0.00042240091715939343,982.39
24700,0.8706942796707153,0.001260443706996739,0.08538003265857697,0.0004289582429919392,833.14
24800,0.8689886331558228,0.0012036787811666727,0.08525808155536652,0.0004371032409835607,1183.33
24900,0.8670800924301147,0.0011313488939777017,0.08513398468494415,0.0004426768282428384,1081.24
25000,0.8654728531837463,0.0010741049190983176,0.08502332866191864,0.0004498466441873461,860.57
25100,0.8650261163711548,0.00107597466558218,0.08495426177978516,0.00047237498802132905,766.28
25200,0.8691663146018982,0.0015722232637926936,0.08486080169677734,0.00048361101653426886,818.70
25300,0.861894428730011,0.0009661362273618579,0.08475182950496674,0.00047147023724392056,870.79
25400,0.8676081895828247,0.0016232652124017477,0.08464337885379791,0.0004941743682138622,5217.96
25500,0.8591055274009705,0.0008844640105962753,0.08455269038677216,0.0004734003159683198,783.38
25600,0.85781329870224,0.0008508765022270381,0.08445514738559723,0.0004753116227220744,761.45
25700,0.8566004037857056,0.0008319281041622162,0.08435079455375671,0.0004773206892423332,760.39
25800,0.8553958535194397,0.0008097068639472127,0.08425341546535492,0.00047646366874687374,749.98
25900,0.8542806506156921,0.0008054439094848931,0.08414220809936523,0.000480412709293887,762.13
26000,0.8532930612564087,0.0008083084248937666,0.08403971046209335,0.00048128506750799716,756.79
26100,0.8544868230819702,0.0009323293343186378,0.08396360278129578,0.0005527490866370499,761.51
26200,0.853864312171936,0.000989347929134965,0.08384352922439575,0.0005535560776479542,745.40
26300,0.8509638905525208,0.0008421590900979936,0.08370104432106018,0.0005531837232410908,748.99
26400,0.8493098020553589,0.0008285232470370829,0.08354705572128296,0.0005554031231440604,765.44
26500,0.8478279113769531,0.0008502731798216701,0.08337262272834778,0.0005598967545665801,753.78
26600,0.8456183075904846,0.0008396109333261847,0.08315205574035645,0.0005701648769900203,752.28
26700,0.8432239890098572,0.0008329379488714039,0.08290912210941315,0.0005803430103696883,755.16
26800,0.8406185507774353,0.0008486231090500951,0.0826166495680809,0.0005965833552181721,759.04
26900,0.8377099633216858,0.0008669050293974578,0.08228529244661331,0.0006187955150380731,747.77
27000,0.8344414234161377,0.0008717704913578928,0.08192284405231476,0.0006495325360447168,750.90
27100,0.8346746563911438,0.0012919462751597166,0.08146102726459503,0.000714493973646313,755.23
27200,0.8259144425392151,0.0009573389543220401,0.08097115904092789,0.0006629448616877198,747.80
27300,0.8190910816192627,0.0008960046106949449,0.08037836849689484,0.0006347377202473581,27568.03
27400,0.8139252662658691,0.0008974499651230872,0.07988901436328888,0.0006060651503503323,2719.45
27500,0.8097004890441895,0.0009152060956694186,0.07947202771902084,0.0005828134017065167,3617.63
27600,0.8056957125663757,0.0008942511631175876,0.07911204546689987,0.0005632766988128424,830.97
27700,0.802410900592804,0.000880927371326834,0.07881338894367218,0.0005467747687362134,887.90
27800,10.153703689575195,0.02401725761592388,0.6740204691886902,0.3173326849937439,754.70
27900,3.5776968002319336,0.025275396183133125,0.30213722586631775,0.030357057228684425,860.45
28000,2.3706719875335693,0.01964009366929531,0.2112746238708496,0.0061524794436991215,896.71
28100,2.0770318508148193,0.01364965084940195,0.18965689837932587,0.004396631382405758,930.24
28200,1.9041626453399658,0.0108882375061512,0.1758919209241867,0.003636095905676484,1013.08
28300,1.6498632431030273,0.009165400639176369,0.1529957354068756,0.0028251849580556154,929.98
28400,1.2263672351837158,0.009019763208925724,0.11183128505945206,0.0017856734339147806,804.95
28500,1.0321393013000488,0.006730281747877598,0.09510203450918198,0.0013816091232001781,858.43
28600,0.9746451377868652,0.00564507907256484,0.09068559855222702,0.0011338344775140285,867.14
28700,0.9465147256851196,0.0047129299491643906,0.08898070454597473,0.0009578415774740279,774.76
28800,0.9297252893447876,0.003987144213169813,0.08816231787204742,0.0008230679086409509,734.48
28900,0.9176108837127686,0.003379523055627942,0.08766250312328339,0.0007190581527538598,733.81
29000,0.908206045627594,0.0028940581250935793,0.08727981150150299,0.0006467425264418125,736.99
29100,0.901147723197937,0.002604859881103039,0.08696278929710388,0.0005471210461109877,750.47
29200,0.8949122428894043,0.002286416245624423,0.08668842911720276,0.0005163782043382525,742.91
29300,0.8901077508926392,0.00206969422288239,0.08645115792751312,0.0004899220657534897,734.45
29400,0.887442409992218,0.0019783922471106052,0.08627142757177353,0.000494422682095319,737.48
29500,0.8819543719291687,0.0016613639891147614,0.0860636904835701,0.0004703827144112438,737.48
29600,0.8789190053939819,0.001532645896077156,0.08589020371437073,0.00046905511408112943,741.26
29700,0.8790886998176575,0.0017113356152549386,0.08572414517402649,0.00047339347656816244,736.45
29800,0.8739645481109619,0.0013422260526567698,0.08558298647403717,0.0004712468944489956,737.36
29900,0.8718723058700562,0.001268331310711801,0.08544547110795975,0.0004734285466838628,747.05
30000,0.8701659440994263,0.0012230115244165063,0.08531589061021805,0.0004776982532348484,736.72
30100,0.8691257238388062,0.001192843890748918,0.08521426469087601,0.0005054647917859256,875.53
30200,0.8686605095863342,0.001267657964490354,0.08509426563978195,0.0005041224649176002,923.47
30300,0.8657182455062866,0.0010888424003496766,0.08498039841651917,0.0005025856080465019,748.22
30400,0.8643235564231873,0.0010486951796337962,0.08488009124994278,0.000503570947330445,745.64
30500,0.8627669811248779,0.001012724358588457,0.08476327359676361,0.0005006997380405664,744.45
30600,0.861445426940918,0.000981546356342733,0.08466333895921707,0.0004996610805392265,755.64
30700,0.8601043224334717,0.0009514742414467037,0.08455997705459595,0.000498982728458941,740.45
30800,0.858853816986084,0.0009227193077094853,0.08446455001831055,0.0004981071106158197,748.09
30900,0.8575652837753296,0.0008996299584396183,0.08436019718647003,0.0004967031418345869,737.45
31000,0.8575400114059448,0.0009810903575271368,0.08427569270133972,0.0004972139140591025,762.58
31100,0.8576231598854065,0.0010171092581003904,0.0841948390007019,0.0005503650172613561,783.96
31200,0.8557477593421936,0.0009450888610444963,0.08409099280834198,0.000538691587280482,925.21
31300,0.854284942150116,0.0009150075493380427,0.08398310840129852,0.0005303735379129648,1113.74
31400,0.8529923558235168,0.0008990687783807516,0.08387523889541626,0.0005249259993433952,763.80
31500,0.8516565561294556,0.0008776898612268269,0.0837693139910698,0.0005186484777368605,751.94
31600,0.8506040573120117,0.0008571292855776846,0.08368717133998871,0.000516104104463011,738.97
31700,0.8488401770591736,0.0008302929345518351,0.08354230225086212,0.0005114237428642809,740.40
31800,0.8475419878959656,0.0008118157857097685,0.08343271166086197,0.0005096724489703774,785.46
31900,0.8462201356887817,0.0007967776036821306,0.08331743627786636,0.0005078031099401414,1623.91
32000,0.8449286818504333,0.0007832719711586833,0.08320270478725433,0.0005068925675004721,1178.79
32100,0.8473874926567078,0.000903808162547648,0.08326826989650726,0.0005666658980771899,986.61
32200,0.8448072671890259,0.0008064554422162473,0.0831044614315033,0.0005698070744983852,39554.00
32300,0.8427919149398804,0.0007713909144513309,0.08294376730918884,0.0005640303716063499,851.95
32400,8.016678810119629,0.032821208238601685,0.7001798152923584,0.06866681575775146,968.28
32500,3.912461042404175,0.025304313749074936,0.34103816747665405,0.02490360103547573,806.50
32600,2.6747212409973145,0.02073531039059162,0.2369222193956375,0.009814588353037834,854.73
32700,2.1816508769989014,0.016003187745809555,0.19617512822151184,0.005986781790852547,836.47
32800,1.859303593635559,0.012570247054100037,0.1691766083240509,0.004183512181043625,900.45
32900,1.3482744693756104,0.01054531242698431,0.12207012623548508,0.002212016610428691,808.21
33000,1.0767024755477905,0.007938351482152939,0.09869077801704407,0.001041118404828012,771.99
33100,0.9857072830200195,0.005304570775479078,0.09260225296020508,0.0006639047060161829,754.09
33200,0.947176456451416,0.003921586088836193,0.09021373093128204,0.0005823332467116416,809.55
33300,0.9274574518203735,0.0031797478441148996,0.08902588486671448,0.0005401127273216844,1008.71
33400,0.9152507781982422,0.0027125522028654814,0.08830448985099792,0.0005080327391624451,903.62
33500,0.9067222476005554,0.002395390532910824,0.08779450505971909,0.00048232643166556954,963.27
33600,0.8998026847839355,0.00209411489777267,0.08740958571434021,0.00047657114919275045,1000.42
33700,0.8941958546638489,0.0018551605753600597,0.08709581941366196,0.00046860810834914446,1051.82
33800,0.8898612260818481,0.001687979674898088,0.08683255314826965,0.0004655870725400746,880.09
33900,0.8862589597702026,0.0015575792640447617,0.08660246431827545,0.0004658593679778278,789.22
34000,0.8830891251564026,0.0014452585019171238,0.08639486879110336,0.00046878596185706556,755.33
34100,0.8795759081840515,0.0013591651804745197,0.08617986738681793,0.0004185608704574406,743.82
34200,0.8766764402389526,0.0012565499637275934,0.08598139882087708,0.0004296974802855402,763.82
34300,0.8741808533668518,0.0011758700711652637,0.08580292761325836,0.0004392898117657751,758.27
34400,0.872115433216095,0.0011159712448716164,0.08564832806587219,0.00044724211329594254,779.10
34500,0.8701848387718201,0.0010627646697685122,0.08550110459327698,0.0004546141717582941,786.50
34600,0.8684080243110657,0.0010165091371163726,0.08536306023597717,0.00046123468200676143,750.24
34700,0.8666829466819763,0.0009748064330779016,0.0852256491780281,0.0004678424447774887,752.83
34800,0.8650602698326111,0.0009379310649819672,0.08509538322687149,0.0004727150371763855,757.63
34900,0.863418698310852,0.0009023686870932579,0.08495999872684479,0.0004795065033249557,744.88
35000,0.8618534803390503,0.0008716921438463032,0.08482890576124191,0.0004847471718676388,744.82
35100,0.861510694026947,0.0009031585068441927,0.08473768085241318,0.0005102269933559,744.43
35200,0.8598302006721497,0.0008625970222055912,0.08461335301399231,0.0005070668994449079,754.70
35300,0.8618443012237549,0.0011714240536093712,0.08449236303567886,0.0005206472123973072,747.64
35400,0.8565558195114136,0.0008036189246922731,0.0843481570482254,0.0005038054077886045,837.84
35500,0.8549304008483887,0.0007819113088771701,0.0842089056968689,0.0005022240802645683,896.40
35600,0.8531627058982849,0.0007599394302815199,0.08405262231826782,0.0005037052906118333,920.39
35700,0.8513869047164917,0.0007430659607052803,0.0838923528790474,0.0005032711778767407,942.61
35800,0.8508575558662415,0.0008359058410860598,0.08375167101621628,0.0004981766687706113,1325.28
35900,9.691509246826172,0.028235623612999916,0.7469428777694702,0.1939723640680313,932.52
36000,3.7992095947265625,0.020769236609339714,0.34382086992263794,0.015330851078033447,786.00
36100,2.5456933975219727,0.017057523131370544,0.2308569848537445,0.006654832512140274,745.09
36200,2.1836843490600586,0.013718383386731148,0.19995205104351044,0.004697983153164387,753.30
36300,2.0177958011627197,0.010726282373070717,0.1874866783618927,0.003566622268408537,752.53
36400,1.7944738864898682,0.008769026957452297,0.16804145276546478,0.0026369066908955574,769.47
36500,1.3207733631134033,0.006656046491116285,0.12406686693429947,0.0013544231187552214,734.57
36600,1.053734302520752,0.005046519450843334,0.09959614276885986,0.0007307618507184088,728.78
36700,0.9639596343040466,0.0034986636601388454,0.09235391020774841,0.0005433943006210029,759.99
36800,0.9267486929893494,0.0025802922900766134,0.0895938128232956,0.0005007643485441804,751.48
36900,0.9092502593994141,0.0021117525175213814,0.08832626044750214,0.00048701110063120723,739.56
37000,0.8995373845100403,0.0018373558996245265,0.0876406878232956,0.00047569419257342815,737.34
37100,0.8937015533447266,0.0017261897446587682,0.08719974756240845,0.0004442168865352869,734.88
37200,0.8882208466529846,0.0015403816942125559,0.08685559779405594,0.00042610906530171633,755.59
37300,0.8842255473136902,0.0014190986985340714,0.0865839421749115,0.0004195158835500479,734.77
37400,0.8818966746330261,0.0014326325617730618,0.08634791523218155,0.0004091211885679513,741.06
37500,0.878029465675354,0.0012468993663787842,0.08614441752433777,0.00041162758134305477,748.17
37600,0.8772518634796143,0.0013309624046087265,0.08596770465373993,0.0004265163152012974,751.59
37700,0.8732508420944214,0.0011302167549729347,0.08578207343816757,0.0004127949650865048,739.95
37800,0.8718435168266296,0.0011356254108250141,0.08562780916690826,0.0004209215403534472,1423.32
37900,0.8694854974746704,0.0010476857423782349,0.08548109233379364,0.00041977409273386,793.01
38000,0.8678435683250427,0.0010139557998627424,0.0853460505604744,0.00042434880742803216,888.95
38100,0.8711389303207397,0.0013518646592274308,0.08530125021934509,0.00046078249579295516,882.06
38200,0.8655344843864441,0.0009912819368764758,0.08512239903211594,0.0004397618176881224,886.07
38300,0.8638766407966614,0.000958920456469059,0.08499418944120407,0.0004345543566159904,6126.44
38400,0.8625065684318542,0.0009468626230955124,0.08487290143966675,0.0004308939096517861,1017.56
38500,0.8617462515830994,0.0009909122018143535,0.08475498855113983,0.0004287217161618173,855.18
38600,0.8594431281089783,0.0008946857415139675,0.08462297171354294,0.0004266569740138948,978.78
38700,0.8581348657608032,0.0008633045945316553,0.08452443778514862,0.00042574238614179194,1142.24
38800,0.8566570281982422,0.0008665584027767181,0.08437450230121613,0.00042464977013878524,965.54
38900,0.8550467491149902,0.000837002124171704,0.08424441516399384,0.0004232543578837067,958.70
39000,0.8541968464851379,0.000831478915642947,0.08416516333818436,0.0004230425111018121,978.74
39100,0.8564277291297913,0.0010747361229732633,0.08403286337852478,0.0005351699073798954,986.02
39200,0.8557077050209045,0.001140863518230617,0.08388177305459976,0.0005481360130943358,974.96
39300,0.8517357110977173,0.0008931517950259149,0.08373670279979706,0.0005437108920887113,1021.66
39400,0.8499022126197815,0.0008659856393933296,0.08358249813318253,0.0005417402717284858,984.98
39500,0.8480461239814758,0.0008527672616764903,0.08341288566589355,0.0005389592261053622,930.28
39600,0.8463361859321594,0.0008680821629241109,0.08322557806968689,0.0005399612127803266,978.53
39700,0.8437929749488831,0.0008395217591896653,0.08299878239631653,0.0005409947480075061,977.96
39800,0.841175377368927,0.0008132775546982884,0.08276394009590149,0.0005403192481026053,918.70
39900,0.8386597037315369,0.0008129475172609091,0.08251044154167175,0.0005425825365819037,1036.99
40000,0.8365103006362915,0.0008896313956938684,0.0822121798992157,0.0005492226337082684,42198.49
40100,0.8348036408424377,0.0008945162408053875,0.08200608193874359,0.0005797604680992663,1125.69
40200,0.8299075961112976,0.0008491073967888951,0.08157802373170853,0.0005636295536532998,851.63
40300,0.8262832760810852,0.0008837812929414213,0.08118962496519089,0.0005549169145524502,729.55
40400,0.8187319040298462,0.000867060327436775,0.08045713603496552,0.0005489871837198734,728.29
40500,0.8112885355949402,0.0008831339655444026,0.07970091700553894,0.0005448039155453444,733.88
40600,0.8026602268218994,0.0009293554467149079,0.0788053423166275,0.0005313273286446929,735.65
40700,0.7920560836791992,0.0009553503477945924,0.07774309813976288,0.0005071589257568121,733.96
40800,0.7808520197868347,0.0010140020167455077,0.0765930712223053,0.00047813064884394407,726.74
40900,0.767598032951355,0.0010220177937299013,0.07529065012931824,0.0004471369902603328,730.86
41000,0.7562683820724487,0.0010252522770315409,0.0741875097155571,0.00041407151729799807,763.63
41100,0.7557936310768127,0.0018402794376015663,0.07320385426282883,0.0005352234002202749,717.75
41200,0.7407389283180237,0.0016451335977762938,0.07185361534357071,0.0005751433782279491,724.18
41300,0.7249860763549805,0.0016092438017949462,0.07032209634780884,0.0005672668339684606,738.43
41400,0.7073683142662048,0.0015954386908560991,0.06862981617450714,0.0005115792155265808,731.74
41500,0.690339982509613,0.00166204827837646,0.06698685884475708,0.00038509583100676537,739.37
41600,0.6881403923034668,0.0028984458185732365,0.06564003974199295,0.0002755512541625649,718.33
41700,0.6619213819503784,0.0015786722069606185,0.06442614644765854,0.00018731820455286652,724.43
41800,0.6517247557640076,0.0014983202563598752,0.06352092325687408,0.00015323638217523694,721.04
41900,0.6438665986061096,0.0014243730111047626,0.06282626837491989,0.00013601843966171145,769.03
42000,9.869901657104492,0.03325372934341431,0.7713620662689209,0.18237441778182983,898.25
42100,3.8143959045410156,0.024091649800539017,0.33671069145202637,0.020637253299355507,831.75
42200,2.3750290870666504,0.02453116700053215,0.2068008929491043,0.006170842796564102,807.05
42300,2.082313299179077,0.016838712617754936,0.18723879754543304,0.004153821617364883,922.76
42400,1.9005151987075806,0.012320935726165771,0.17454302310943604,0.003187565365806222,1165.56
42500,1.6512519121170044,0.01002013310790062,0.15274561941623688,0.002359432401135564,859.53
42600,1.230607032775879,0.008440889418125153,0.11325573176145554,0.0013640890829265118,955.65
42700,1.0515038967132568,0.0067446185275912285,0.09740404039621353,0.0010017231106758118,1100.17
42800,0.9757571220397949,0.005105919204652309,0.09160764515399933,0.0008621541783213615,1026.22
42900,0.9392408728599548,0.003965522162616253,0.089180588722229,0.00077798031270504,959.62
43000,0.9214887619018555,0.0033158431760966778,0.08808496594429016,0.0007480685017071664,890.26
43100,0.9098536372184753,0.002907537156715989,0.08745681494474411,0.0006210097344592214,768.91
43200,0.9015822410583496,0.002520732581615448,0.08704918622970581,0.0005883066332899034,789.64
43300,0.8951067924499512,0.0022095900494605303,0.08674143254756927,0.0005596530390903354,846.88
43400,0.889883279800415,0.0019682468846440315,0.08648962527513504,0.0005304590449668467,763.95
43500,0.8857297897338867,0.001794935204088688,0.08627825975418091,0.0004997835494577885,766.47
43600,0.8817752599716187,0.0015929467044770718,0.08609353005886078,0.0004910442512482405,770.96
43700,0.8785969018936157,0.0014566597528755665,0.08592704683542252,0.0004759852890856564,777.79
43800,0.8757347464561462,0.0013288096524775028,0.08577494323253632,0.00046971903066150844,3118.21
43900,0.8732785582542419,0.001230714377015829,0.085635244846344,0.00046189234126359224,845.41
44000,0.8712512254714966,0.0011537761893123388,0.08551394939422607,0.000457396381534636,925.79
44100,0.8716261982917786,0.0012737192446365952,0.08542215824127197,0.0004667373141273856,798.72
44200,0.868285059928894,0.001052972162142396,0.08531555533409119,0.000459978444268927,850.00
44300,0.8667052984237671,0.0010002288036048412,0.0852138102054596,0.0004564853443298489,850.54
44400,0.8650639653205872,0.0009495566482655704,0.08510614931583405,0.00045069234329275787,909.32
44500,0.8636321425437927,0.0009074958506971598,0.08500892668962479,0.00044678919948637486,848.57
44600,0.862200915813446,0.0008684326894581318,0.0849076509475708,0.0004440045158844441,52820.56
44700,0.8609025478363037,0.0008347738767042756,0.08481389284133911,0.00044158779201097786,1007.12
44800,0.8595893383026123,0.0008036127546802163,0.08471550792455673,0.0004398100427351892,1052.00
44900,0.8583563566207886,0.000774965388700366,0.0846228376030922,0.00043783284490928054,900.08
45000,0.8576633334159851,0.0007863734499551356,0.08454254269599915,0.00043741302215494215,910.85
45100,0.858451247215271,0.0008708679815754294,0.08446130156517029,0.0005129574565216899,909.27
45200,0.8569923043251038,0.0008144576568156481,0.08437447994947433,0.0005102910799905658,892.25
45300,0.8569579124450684,0.0009034007089212537,0.08427951484918594,0.000512879341840744,868.31
45400,0.8543230295181274,0.0007521369843743742,0.08417358249425888,0.000506579817738384,963.79
45500,0.8530380129814148,0.0007332433015108109,0.08406485617160797,0.0005057030939497054,915.42
45600,0.8523036241531372,0.0007811635150574148,0.08393952995538712,0.0005096708773635328,1031.35
45700,0.8502967953681946,0.0007132489117793739,0.08380864560604095,0.0005077826790511608,799.02
45800,0.8493971228599548,0.0007674209773540497,0.08366142958402634,0.0005108568002469838,1055.04
45900,0.8473461866378784,0.0006991972331888974,0.08352041244506836,0.000515009043738246,806.43
46000,0.8447854518890381,0.0006789924227632582,0.0832793340086937,0.0005202179308980703,790.17
46100,0.8451284766197205,0.0008768304833211005,0.08308620750904083,0.0005498125101439655,801.23
46200,0.8399186134338379,0.0006688775029033422,0.0827803835272789,0.0005425984272733331,752.89
46300,0.8362584114074707,0.0006715245544910431,0.08241795748472214,0.0005363605450838804,841.64
46400,0.8353639841079712,0.0009949952363967896,0.08200611919164658,0.000535284576471895,756.68
46500,0.829943835735321,0.0009907230269163847,0.0814727321267128,0.0005309281405061483,733.75
46600,0.8212416172027588,0.0007805183413438499,0.08083142340183258,0.0005122243892401457,849.43
46700,0.8132215738296509,0.000767903751693666,0.0800592228770256,0.0004950258880853653,842.15
46800,0.8054496049880981,0.0009207940311171114,0.07914995402097702,0.00047420657938346267,859.83
46900,0.7931331396102905,0.0008689373498782516,0.07800810039043427,0.0004362707259133458,819.83
47000,0.7801374793052673,0.0010357965948060155,0.07657621800899506,0.0004017285245936364,804.92
47100,0.7675274014472961,0.0011978249531239271,0.07511160522699356,0.00044330707169137895,871.67
47200,0.7514263391494751,0.0012356584193184972,0.07351513206958771,0.00039184512570500374,893.47
47300,0.7364804148674011,0.0013157299254089594,0.07200937718153,0.000322929146932438,764.81
47400,0.7242511510848999,0.0014252746477723122,0.07073434442281723,0.0002654998970683664,748.23
47500,0.7124731540679932,0.0014058430679142475,0.06961894035339355,0.00022253164206631482,814.51
47600,0.7019441723823547,0.0014055275823920965,0.0685989260673523,0.00018996403377968818,760.08
47700,0.6927773952484131,0.0013874979922547936,0.0677221491932869,0.00016808976943138987,808.08
47800,0.6847020983695984,0.0013542154338210821,0.06696125864982605,0.0001547361898701638,752.20
47900,0.6819793581962585,0.0017284122295677662,0.06631974130868912,0.00014978420222178102,770.26
48000,0.6715184450149536,0.001285150763578713,0.06572370231151581,0.00014298813766799867,815.94
48100,0.6707675457000732,0.001561917131766677,0.06529942899942398,0.00021541162277571857,742.69
48200,0.6645380258560181,0.00142583716660738,0.06482022255659103,0.00020773839787580073,794.62
48300,0.6590146422386169,0.0013610956957563758,0.06434252858161926,0.00019784035976044834,832.96
48400,0.655042827129364,0.001409834949299693,0.06389981508255005,0.00019463346689008176,780.87
48500,0.6485185027122498,0.0012590078404173255,0.06340836733579636,0.0001844761718530208,793.09
48600,0.6436536312103271,0.0012171081034466624,0.06297171860933304,0.00017653967370279133,9186.34
48700,0.6391203999519348,0.0011866227723658085,0.06255412101745605,0.00017129762272816151,808.34
48800,0.6365527510643005,0.0013391932006925344,0.06214243173599243,0.00017365087114740163,865.00
48900,0.640008807182312,0.0019374211551621556,0.06188412010669708,0.00017934587958734483,779.56
49000,0.6277276873588562,0.0012253407621756196,0.061382897198200226,0.00016453377611469477,798.36
49100,0.6293225884437561,0.0015668715350329876,0.06121177598834038,0.00015361487749032676,775.54
49200,0.6249822974205017,0.0014314702711999416,0.060912493616342545,0.00015426555182784796,772.74
49300,0.6211996674537659,0.0013609183952212334,0.060606762766838074,0.00015228622942231596,777.89
49400,0.618226170539856,0.0013569354778155684,0.06031493470072746,0.00015074873226694763,777.56
49500,0.6140551567077637,0.0012721297098323703,0.059982769191265106,0.00015061584417708218,785.74
49600,0.610826849937439,0.0012568418169394135,0.05967693030834198,0.00014890915190335363,773.21
49700,0.6073833703994751,0.0012252116575837135,0.059359997510910034,0.00015313076437450945,743.63
49800,0.6039143800735474,0.0012235112953931093,0.059019289910793304,0.00014863819524180144,726.05
49900,0.6027942299842834,0.0013836049474775791,0.05873311683535576,0.00016270561900455505,723.02
50000,0.59650057554245,0.0011901585385203362,0.0583098828792572,0.00015001803694758564,734.54
50100,0.5995281338691711,0.001625683275051415,0.058129433542490005,0.0001976972707780078,737.16
50200,0.5942538976669312,0.0014766320819035172,0.057758886367082596,0.00018987164366990328,723.19
50300,0.5893014669418335,0.0014102633576840162,0.05733557790517807,0.00018430096679367125,724.31
50400,0.5843913555145264,0.0013788155047222972,0.05688076838850975,0.00017955407383851707,720.69
50500,0.5802009105682373,0.0015056694392114878,0.05633791536092758,0.00017650891095399857,740.45
50600,0.5739766359329224,0.0014456210192292929,0.05578047037124634,0.00017157400725409389,734.91
50700,0.5649534463882446,0.0014489972963929176,0.05487017333507538,0.00017617136472836137,722.61
50800,0.5589940547943115,0.001861782860942185,0.053850628435611725,0.00018699956126511097,726.20
50900,0.5443383455276489,0.0015959872398525476,0.052648864686489105,0.00018898467533290386,722.60
51000,0.5339959859848022,0.0016680076951161027,0.051535919308662415,0.0001956742926267907,739.76
51100,0.5382423400878906,0.002035360550507903,0.05156096816062927,0.0002279065374750644,726.16
51200,0.5219818949699402,0.0016872561536729336,0.05031090974807739,0.0002000201347982511,778.90
51300,0.5108322501182556,0.0015789573080837727,0.04930755868554115,0.00019670803158078343,732.23
51400,0.5017111301422119,0.001516768243163824,0.048457153141498566,0.00019719559350050986,726.69
51500,0.49307170510292053,0.0014657663414254785,0.04764455184340477,0.00019685091683641076,20839.24
51600,0.48493438959121704,0.0014529179316014051,0.04683775082230568,0.0002027705922955647,829.44
51700,0.4756424129009247,0.0013886659871786833,0.045979224145412445,0.00019634945783764124,988.41
51800,0.4663407504558563,0.0013617773074656725,0.04507581144571304,0.00019648761372081935,839.26
51900,0.45630714297294617,0.0013416289584711194,0.04409158602356911,0.000197499044588767,966.77
52000,0.44592711329460144,0.0013414423447102308,0.04305319860577583,0.00019807089120149612,1523.40
52100,0.46019411087036133,0.0024020031560212374,0.04333482310175896,0.0002825841656886041,1212.41
52200,0.4473474323749542,0.001964793773368001,0.04251180961728096,0.0002581403241492808,870.32
52300,0.4392850995063782,0.0018003599252551794,0.04187227785587311,0.0002558695850893855,908.96
52400,10.337186813354492,0.027182014659047127,0.675858199596405,0.3306784927845001,758.95
52500,3.516812562942505,0.026946064084768295,0.2942869961261749,0.030448198318481445,810.14
52600,2.2904889583587646,0.018358176574110985,0.20023104548454285,0.010459668934345245,879.46
52700,2.0342934131622314,0.012316780164837837,0.18700812757015228,0.004104429855942726,915.66
52800,1.8443561792373657,0.009519909508526325,0.17215001583099365,0.0027656937018036842,2834.26
52900,1.5748037099838257,0.008732699789106846,0.14666862785816193,0.0020790414419025183,922.52
53000,1.2048382759094238,0.007444141432642937,0.11185605078935623,0.001183627755381167,5028.04
53100,1.0409117937088013,0.005447572562843561,0.09780532866716385,0.0008382847299799323,959.87
53200,0.9703829884529114,0.004129624459892511,0.0921715497970581,0.0007371232495643198,4918.17
53300,0.9345116019248962,0.0032179555855691433,0.08959490060806274,0.0006383081199601293,788.75
53400,0.9158157706260681,0.0026512129697948694,0.0883585661649704,0.0005717943422496319,855.97
53500,0.9053277373313904,0.002313160104677081,0.08767619729042053,0.000543417118024081,824.57
53600,0.8979129791259766,0.002048308029770851,0.08722233772277832,0.0005206519854255021,824.65
53700,0.892555296421051,0.0018855124944821,0.08687335252761841,0.0004966660053469241,1042.54
53800,0.8873631954193115,0.0016399245942011476,0.08660797029733658,0.00048842589603737,1065.49
53900,0.8834836483001709,0.0014894634950906038,0.0863809660077095,0.00047793463454581797,942.05
54000,0.8803094029426575,0.0013703372096642852,0.08618853986263275,0.00047206031740643084,829.76
54100,0.8783616423606873,0.0013729693600907922,0.08602477610111237,0.0004384193161968142,817.06
54200,0.874886691570282,0.001211556838825345,0.08584214001893997,0.00043497743899933994,864.56
54300,0.8726192116737366,0.0011308295652270317,0.08569435775279999,0.0004367274814285338,749.03
54400,0.8707571625709534,0.0010649694595485926,0.08557133376598358,0.0004394142306409776,754.14
54500,0.8690599203109741,0.0010080087231472135,0.08545554429292679,0.0004424364014994353,783.22
54600,0.867535412311554,0.0009570372640155256,0.08535051345825195,0.00044599181273952127,755.45
54700,0.8660928010940552,0.0009133766288869083,0.08524661511182785,0.0004492868611123413,867.40
54800,0.8647918105125427,0.0008723093778826296,0.08515319973230362,0.0004536741180345416,816.14
54900,0.8634799122810364,0.0008363787201233208,0.0850556492805481,0.00045596566633321345,903.10
55000,0.8623114228248596,0.0008027123403735459,0.08497041463851929,0.00045801664236932993,6031.68
55100,0.8622076511383057,0.0008218172588385642,0.08491741865873337,0.0004815285501535982,841.77
55200,0.8609180450439453,0.0007852449780330062,0.08483386784791946,0.00047269585775211453,756.85
55300,0.8597632050514221,0.0007650793995708227,0.08474427461624146,0.0004669686604756862,740.04
55400,0.8585429191589355,0.0007310829241760075,0.08466347306966782,0.00045973373926244676,743.14
55500,0.8575671911239624,0.0007107314304448664,0.08459148555994034,0.000454506283858791,748.44
55600,0.8576220273971558,0.0008007485303096473,0.08451253920793533,0.0004489185521379113,735.18
55700,0.8553283214569092,0.0006724981940351427,0.08441419899463654,0.00044614318176172674,739.94
55800,0.8543710708618164,0.0006616353639401495,0.08433255553245544,0.0004429139371495694,737.03
55900,0.8535332083702087,0.0006450084620155394,0.08427094668149948,0.00043736782390624285,731.51
56000,0.8537718057632446,0.0007707381155341864,0.08416586369276047,0.00044057745253667235,753.89
56100,0.8539679050445557,0.0007678816909901798,0.0841340571641922,0.0004948544083163142,745.13
56200,0.857245147228241,0.0007409579120576382,0.08446966111660004,0.000513895065523684,735.16
56300,0.8513081669807434,0.0006590626435354352,0.08397632837295532,0.0004954286850988865,737.78
56400,0.8503909707069397,0.0006434987881220877,0.08389806002378464,0.0004975359188392758,735.34
56500,0.8494744300842285,0.0006307447329163551,0.08382010459899902,0.0004965951084159315,756.48
56600,0.8485963940620422,0.0006198949413374066,0.08374466747045517,0.0004950783913955092,736.59
56700,0.8476651310920715,0.0006105846841819584,0.08366115391254425,0.0004947764682583511,745.82
56800,0.8469545245170593,0.000610780029091984,0.08359270542860031,0.0004919629427604377,738.45
56900,0.8458325266838074,0.0005945502780377865,0.08349476754665375,0.0004939290229231119,742.96
57000,0.8450899720191956,0.0006030758959241211,0.08341336250305176,0.000492560095153749,23122.79
57100,0.8460772633552551,0.0006160454358905554,0.08342401683330536,0.0005676633445546031,791.59
57200,0.8443122506141663,0.0005629486404359341,0.08330617845058441,0.0005620970041491091,769.75
57300,0.8429924249649048,0.0005530772032216191,0.08319585770368576,0.0005503069842234254,759.64
57400,0.8417420983314514,0.000551787088625133,0.08307991921901703,0.0005424951086752117,781.66
57500,0.8407649993896484,0.0005744426161982119,0.0829649418592453,0.0005371180595830083,756.75
57600,0.8393349647521973,0.0005589585634879768,0.08284060657024384,0.0005339249037206173,1664.15
57700,0.8380202651023865,0.0005614170804619789,0.08270931243896484,0.0005312967696227133,1344.55
57800,0.8367105722427368,0.0005674445419572294,0.08257292211055756,0.000530690886080265,1577.66
57900,0.8363540768623352,0.00066516047809273,0.08243943750858307,0.0005308168474584818,933.34
58000,9.019822120666504,0.03889733552932739,0.731676459312439,0.1314084231853485,964.73
58100,3.930126905441284,0.022435268387198448,0.3484768867492676,0.0221005417406559,885.16
58200,2.593219041824341,0.01863977499306202,0.232893705368042,0.007788420654833317,1039.98
58300,2.1595351696014404,0.014570854604244232,0.19634248316287994,0.0050401948392391205,782.29
58400,1.98387610912323,0.010976451449096203,0.18367375433444977,0.003737409831956029,742.76
58500,1.7629730701446533,0.009171406738460064,0.16428369283676147,0.002842212561517954,738.31
58600,1.3089635372161865,0.008548800833523273,0.12055154144763947,0.001796020194888115,752.41
58700,1.0626046657562256,0.0069898562505841255,0.09816907346248627,0.001101532019674778,746.48
58800,0.9847705364227295,0.005318949930369854,0.09230460226535797,0.0008535044034942985,734.08
58900,0.9467609524726868,0.004085402470082045,0.08984824270009995,0.0007424466894008219,734.16
59000,0.9249535202980042,0.0033148552756756544,0.08851796388626099,0.0006625340320169926,734.85
59100,0.9120053648948669,0.002947295317426324,0.08774348348379135,0.0005097594694234431,742.36
59200,0.9029501080513,0.0026045218110084534,0.08722880482673645,0.0004616878868546337,737.72
59300,0.8957962393760681,0.002244955161586404,0.08687938749790192,0.00045528559712693095,733.82
59400,0.8908727169036865,0.0020300548058003187,0.08661186695098877,0.00044534564949572086,746.19
59500,0.8862949013710022,0.0018246904946863651,0.0863805040717125,0.0004242953727953136,739.95
59600,0.8828312754631042,0.0016737922560423613,0.08619197458028793,0.00041735899867489934,814.38
59700,0.8804073333740234,0.0015811794437468052,0.08603870868682861,0.00042084397864528,762.69
59800,0.8773331046104431,0.001442066626623273,0.08587899804115295,0.00041224638698622584,879.72
59900,0.8754029273986816,0.0013704326702281833,0.08575300872325897,0.0004168531741015613,945.28
60000,0.8732028603553772,0.001276038819923997,0.08563105762004852,0.0004131828318350017,851.12
60100,0.8722333908081055,0.0012405249290168285,0.08555788546800613,0.0004249269550200552,833.78
60200,0.8705341219902039,0.0011736865853890777,0.08545634150505066,0.00042338407365605235,801.50
60300,0.8689116835594177,0.0011123975273221731,0.08535540103912354,0.00042337365448474884,890.91
60400,0.8681942224502563,0.0011004441184923053,0.08529631793498993,0.0004226558958180249,59945.03
60500,0.8660743832588196,0.0010162389371544123,0.08516804873943329,0.0004231447819620371,1537.55
60600,0.8648025989532471,0.000974290247540921,0.08508328348398209,0.000422686745878309,1609.03
60700,0.8635290265083313,0.0009397893445566297,0.08499003201723099,0.00042308701085858047,1428.66
60800,0.8624034523963928,0.0009140045731328428,0.08490374684333801,0.0004225910233799368,13683.54
60900,0.8611670732498169,0.0008775959722697735,0.08481638878583908,0.00042271974962204695,730.94
61000,0.8600495457649231,0.0008508426835760474,0.08473226428031921,0.00042184381163679063,736.76
61100,0.8612915873527527,0.0009518789011053741,0.08467502146959305,0.0005022567929700017,726.75
61200,0.859785258769989,0.000885255285538733,0.0845927894115448,0.0005004832055419683,721.58
61300,0.8584944605827332,0.0008458593511022627,0.08450642228126526,0.0004971625166945159,737.47
61400,0.8572935461997986,0.000814920524135232,0.08442062139511108,0.0004938102210871875,734.90
61500,0.8561979532241821,0.0007972340099513531,0.08433149755001068,0.0004910568241029978,726.60
61600,0.8550922274589539,0.0007753382087685168,0.08424321562051773,0.0004906724789179862,726.57
61700,0.8539047837257385,0.0007529948488809168,0.08414983749389648,0.0004876406746916473,726.66
61800,0.8526220917701721,0.0007261234568431973,0.08404950797557831,0.00048657675506547093,733.50
61900,0.8514156341552734,0.0007140491507016122,0.08394074440002441,0.00048676534788683057,731.62
62000,0.8502005934715271,0.000696490635164082,0.08383704721927643,0.00048652480472810566,728.88
62100,0.8511534333229065,0.0007824194035492837,0.08382163941860199,0.0005112849758006632,726.55
62200,0.849175751209259,0.000706490536686033,0.08369318395853043,0.000517902837600559,726.44
62300,0.8476104140281677,0.0006764818099327385,0.08356788009405136,0.0005166770424693823,741.49
62400,0.8462861776351929,0.0006610531127080321,0.08345402777194977,0.0005135427927598357,726.31
62500,0.8449883460998535,0.000649942783638835,0.08333519101142883,0.0005137031548656523,728.38
62600,0.8438194394111633,0.0006411561043933034,0.08322793245315552,0.0005128570483066142,728.20
62700,0.8426494002342224,0.000633651448879391,0.08311671018600464,0.0005145766190253198,725.46
62800,0.8415998816490173,0.0006261203670874238,0.08301883935928345,0.0005150253418833017,8322.96
62900,0.8405904769897461,0.0006212784792296588,0.08291959762573242,0.0005181707092560828,896.55
63000,0.8396072387695312,0.000612011004704982,0.08282975852489471,0.0005189512739889324,1032.54
63100,0.841504693031311,0.0008258552406914532,0.0827849730849266,0.0005396342603489757,903.39
63200,0.8386958837509155,0.0006385698216035962,0.08269098401069641,0.0005400362424552441,766.08
63300,0.8378701210021973,0.0006302390247583389,0.08261527121067047,0.0005415015621110797,713.99
63400,0.8371376395225525,0.0006227659760043025,0.08254650235176086,0.0005444939597509801,716.56
63500,0.8358832597732544,0.0005866881110705435,0.08245866745710373,0.0005429709563031793,714.57
63600,0.8351021409034729,0.0005768812261521816,0.08239240199327469,0.000540932291187346,725.88
63700,0.834919273853302,0.0006239839131012559,0.08232888579368591,0.0005390599835664034,721.70
63800,0.8334875702857971,0.0005596727132797241,0.08225182443857193,0.0005372579325921834,719.23
63900,0.8340482711791992,0.000683366961311549,0.08218537271022797,0.0005360846407711506,720.13
64000,0.8318904042243958,0.0005478241946548223,0.08210760354995728,0.0005336115136742592,714.57
64100,0.8344589471817017,0.0007933407323434949,0.08206481486558914,0.0005877429503016174,713.29
64200,0.8326157927513123,0.0006997581222094595,0.08197183907032013,0.0005899851094000041,722.86
64300,0.8309994339942932,0.0006525290082208812,0.08185511827468872,0.0005922962445765734,715.74
64400,0.829413652420044,0.0006297633517533541,0.08171519637107849,0.0005964016309008002,714.35
64500,0.8292245268821716,0.0007848049863241613,0.08153431862592697,0.0006033279350958765,714.40
64600,0.8250674605369568,0.000624261621851474,0.08127433806657791,0.0006081484025344253,732.44
64700,0.8219329118728638,0.000632676703389734,0.08095454424619675,0.0006060654995962977,733.90
64800,0.8202055096626282,0.0008574434323236346,0.08056341111660004,0.0005996960680931807,727.05
64900,0.814167320728302,0.0007392576662823558,0.08008839190006256,0.0005890873726457357,714.24
65000,0.808789849281311,0.0007343319011852145,0.07956787943840027,0.0005767763941548765,716.55
65100,0.800321102142334,0.0006143671344034374,0.07889880985021591,0.0005189308430999517,32508.96
65200,0.79502272605896,0.000788940757047385,0.07821444422006607,0.0004988907021470368,757.71
65300,0.7854514122009277,0.0006041156593710184,0.07744693011045456,0.0004940913640893996,814.33
65400,0.7784548997879028,0.0006140775512903929,0.07674191892147064,0.0004894936573691666,851.35
65500,0.7757412791252136,0.0010070418938994408,0.07607019692659378,0.0004968882421962917,811.63
65600,0.7653976678848267,0.0006397683173418045,0.07541084289550781,0.0004891591961495578,733.84
65700,0.7598555088043213,0.0006613478763028979,0.07483282685279846,0.0004913767334073782,729.21
65800,0.7536914348602295,0.0006545674987137318,0.07422812283039093,0.0004864587390329689,743.24
65900,0.7479432225227356,0.0006695273332297802,0.0736464112997055,0.00047838245518505573,731.22
66000,0.742428183555603,0.0006897253915667534,0.07308445870876312,0.0004686276370193809,741.44
66100,0.7561643123626709,0.0014808156993240118,0.07363409548997879,0.0005015174974687397,817.81
66200,0.7507925629615784,0.0013601364335045218,0.07322529703378677,0.0004938216879963875,786.86
66300,0.7460088133811951,0.0013048691907897592,0.07281972467899323,0.0004762877360917628,790.85
66400,0.7410291433334351,0.001268276129849255,0.07237917184829712,0.0004554714832920581,749.68
66500,0.7357129454612732,0.0012435114476829767,0.07189307361841202,0.0004347063659224659,740.39
66600,0.7296248078346252,0.001225154148414731,0.07132386416196823,0.00041346013313159347,745.85
66700,0.7225602865219116,0.0012181021738797426,0.07064235210418701,0.0003955713764298707,746.35
66800,0.7140342593193054,0.0012336570071056485,0.06979046761989594,0.0003792980860453099,727.43
66900,0.7035576105117798,0.0012581031769514084,0.0687304362654686,0.00036721708602271974,720.20
67000,0.6913495063781738,0.001329609309323132,0.06744228303432465,0.0003630548599176109,735.44
67100,0.6884849667549133,0.0020479862578213215,0.06632921099662781,0.0004713023663498461,718.72
67200,0.6746557950973511,0.0018753084586933255,0.06503089517354965,0.0005593743408098817,722.88
67300,0.6580737233161926,0.0017904905835166574,0.06349316239356995,0.0005237219738774002,723.93
67400,0.6454674601554871,0.0017491404432803392,0.062262702733278275,0.000534901162609458,720.88
67500,0.6343427300453186,0.0017340471968054771,0.06116237863898277,0.0005378511850722134,735.63
67600,0.6243211030960083,0.001717922743409872,0.06017081439495087,0.0005433660699054599,716.49
67700,0.6159707903862,0.0017949698958545923,0.05925767123699188,0.0005444366252049804,719.02
67800,0.6052995920181274,0.0015653489390388131,0.05844283103942871,0.000521778769325465,725.26
67900,0.597470223903656,0.0015261091757565737,0.057718098163604736,0.0005028112209402025,722.42
68000,0.5904505252838135,0.0015102445613592863,0.05706310272216797,0.0004717024276033044,737.38
68100,0.594849705696106,0.0019544491078704596,0.05692049115896225,0.0006100303726270795,717.55
68200,0.5877120494842529,0.001703665591776371,0.05646117031574249,0.0006063683540560305,7556.79
68300,0.58188796043396,0.0015838267281651497,0.05600689351558685,0.0005980739952065051,794.39
68400,0.5940005779266357,0.0029772138223052025,0.05574202537536621,0.0006808183388784528,768.58
68500,0.5712679624557495,0.0014571064384654164,0.05509239807724953,0.0005772880977019668,783.62
68600,0.5662211775779724,0.001416024286299944,0.05463846027851105,0.0005676403525285423,759.89
68700,0.562730073928833,0.0015276786871254444,0.054179102182388306,0.0005662240437231958,737.09
68800,0.5564274191856384,0.0013747462071478367,0.05372054874897003,0.0005474506178870797,730.87
68900,0.5514804124832153,0.0013590496964752674,0.053254030644893646,0.0005349571583792567,796.80
69000,0.5464060306549072,0.0013365816557779908,0.05277526006102562,0.0005287674721330404,799.52
69100,0.5579233765602112,0.002127407118678093,0.05291084945201874,0.0007540759397670627,816.45
69200,0.5420488715171814,0.0017196966800838709,0.051907964050769806,0.0005772284930571914,770.72
69300,0.5355214476585388,0.001593383844010532,0.051403723657131195,0.0005550375790335238,743.56
69400,0.5295976996421814,0.0015204137889668345,0.050902947783470154,0.0005364070530049503,729.41
69500,0.5261852145195007,0.001682247850112617,0.05041150003671646,0.000524778850376606,730.54
69600,0.5180231332778931,0.0014170052018016577,0.04987990856170654,0.0005054003559052944,745.58
69700,0.5125008225440979,0.0013964809477329254,0.04935494065284729,0.0004986569983884692,741.85
69800,0.5067242383956909,0.0013621419202536345,0.048818036913871765,0.0004922462976537645,735.55
69900,0.5014234781265259,0.001361999660730362,0.048288483172655106,0.0004918657941743731,735.79
70000,0.4952396750450134,0.0013396994909271598,0.04772269353270531,0.0004615721118170768,732.94
70100,0.49820566177368164,0.0019720932468771935,0.04740272834897041,0.00044574381900019944,776.62
70200,0.4903441071510315,0.0017465398414060473,0.046865902841091156,0.00042196616414003074,794.80
70300,0.48394957184791565,0.001632890198379755,0.046345170587301254,0.0004168944142293185,735.78
70400,0.47806990146636963,0.0016148420982062817,0.04579019919037819,0.0004019496263936162,909.40
70500,0.47155433893203735,0.0015349002787843347,0.045226089656353,0.0003944414493162185,796.53
70600,0.47463199496269226,0.0023817827459424734,0.044655218720436096,0.00042619567830115557,740.97
70700,0.46120667457580566,0.0014646761119365692,0.044208675622940063,0.00044731609523296356,733.52
70800,0.45280882716178894,0.0014769833069294691,0.04340185597538948,0.00040204444667324424,735.93
70900,0.4464854300022125,0.0015284367837011814,0.04271819815039635,0.00040190835716202855,753.04
71000,0.43866297602653503,0.0015120427124202251,0.04193981736898422,0.00041443685768172145,737.47
71100,0.44434380531311035,0.0022298048716038465,0.04164854437112808,0.0005560351419262588,734.25
71200,0.433173805475235,0.0019929043482989073,0.04078013449907303,0.0005443422123789787,736.01
71300,0.4227212071418762,0.0019256611121818423,0.03980720043182373,0.0005392578896135092,750.63
71400,0.4111219644546509,0.0019169403240084648,0.038657937198877335,0.0005373198073357344,743.97
71500,0.4014100730419159,0.002064898842945695,0.03756065294146538,0.0005154542741365731,737.15
71600,0.38301268219947815,0.0020410732831805944,0.03571927547454834,0.0005409171571955085,733.64
71700,0.36751866340637207,0.0021881256252527237,0.03399091213941574,0.0005728286923840642,732.24
71800,0.349939227104187,0.0022772224619984627,0.03213933855295181,0.0005773629527539015,739.82
71900,0.3311082422733307,0.00247841514647007,0.030104568228125572,0.0005278397584334016,739.99
72000,0.3138292729854584,0.0025452040135860443,0.028317874297499657,0.0005198470316827297,736.02
72100,0.3092285394668579,0.0034914305433630943,0.026892349123954773,0.0005390731967054307,732.76
72200,0.28880947828292847,0.0031099324114620686,0.02530350349843502,0.00046751159243285656,742.87
72300,0.2738642692565918,0.002974448027089238,0.02399924024939537,0.0004127392894588411,736.23
72400,0.2694338262081146,0.0036356886848807335,0.02290637604892254,0.00040131661808118224,20981.21
72500,0.25165504217147827,0.00268557108938694,0.022114437073469162,0.00036549687501974404,6406.02
72600,0.24335747957229614,0.002670643152669072,0.021334873512387276,0.0003302318218629807,1567.01
72700,0.24198462069034576,0.0024317714851349592,0.021384529769420624,0.00038216111715883017,772.44
72800,0.2331870198249817,0.00246841786429286,0.020519528537988663,0.00033075662213377655,753.90
72900,0.24202127754688263,0.0025667883455753326,0.021209532395005226,0.0004258076660335064,753.61
73000,0.22091366350650787,0.0022326491307467222,0.019588876515626907,0.00026984099531546235,750.49
73100,0.24144089221954346,0.003713932354003191,0.020054755732417107,0.00037540102493949234,747.24
73200,0.2293841391801834,0.0029602032154798508,0.0196483563631773,0.0003298540541436523,798.49
73300,0.22280606627464294,0.002597456332296133,0.019383758306503296,0.0002993904345203191,925.70
73400,0.2182222306728363,0.0023668112698942423,0.019174935296177864,0.0002804764953907579,951.18
73500,0.2145208865404129,0.0021901805885136127,0.01899481751024723,0.00026709126541391015,960.36
73600,0.21128250658512115,0.0020408437121659517,0.018830783665180206,0.00025662360712885857,984.02
73700,0.20851761102676392,0.0019088974222540855,0.01869218237698078,0.0002506820310372859,1534.85
73800,0.2055763453245163,0.001788310706615448,0.018528534099459648,0.00024078995920717716,1547.78
73900,0.20290440320968628,0.0016760810976848006,0.01838027685880661,0.00023408167180605233,1396.56
74000,0.2005554735660553,0.001582903671078384,0.01824413426220417,0.00022850962704978883,1073.55
74100,0.24031244218349457,0.004616007208824158,0.019109873101115227,0.00030536294798366725,917.92
74200,0.22804327309131622,0.0037591883447021246,0.018764697015285492,0.0002804415125865489,767.89
74300,0.2208864390850067,0.0033090522047132254,0.018509482964873314,0.0002701082266867161,756.49
74400,0.2155628353357315,0.0030088925268501043,0.018282730132341385,0.00026466036797501147,764.72
74500,0.21136660873889923,0.0027945295441895723,0.018081508576869965,0.00026062337565235794,753.23
74600,0.20771291851997375,0.00262053357437253,0.017893286421895027,0.0002574726240709424,776.53
74700,0.2046777307987213,0.002489150268957019,0.0177249014377594,0.0002537222171667963,764.34
74800,0.2018042802810669,0.002369045512750745,0.017560722306370735,0.00025066128000617027,772.13
74900,0.19926705956459045,0.0022722752764821053,0.01740722730755806,0.0002472042397130281,758.35
75000,0.19692815840244293,0.0021881654392927885,0.017261182889342308,0.00024346710415557027,755.06
75100,0.2374316304922104,0.004689772147685289,0.018751706928014755,0.000301683641737327,778.65
75200,0.2176791876554489,0.003563633654266596,0.01788940280675888,0.0003148825780954212,762.13
75300,0.2088710516691208,0.0030057495459914207,0.01757635548710823,0.00030500191496685147,758.98
75400,0.2039562314748764,0.002735118381679058,0.017373034730553627,0.00028747072792612016,757.13
75500,0.2019742727279663,0.002706427127122879,0.017215995118021965,0.0002750031999312341,766.20
75600,0.19768668711185455,0.0024385442957282066,0.017070777714252472,0.0002593466197140515,764.46
75700,0.19604311883449554,0.002402935642749071,0.016948243603110313,0.0002531313803046942,756.51
75800,0.1932802051305771,0.0022543116938322783,0.01683192513883114,0.000241783942328766,761.83
75900,0.19141477346420288,0.0021817870438098907,0.01672331988811493,0.00023637115373276174,765.83
76000,0.189828023314476,0.0021253277081996202,0.01662597805261612,0.00023149760090745986,8423.49
76100,0.20714066922664642,0.003391580656170845,0.017078690230846405,0.0002437965595163405,906.58
76200,0.19982104003429413,0.002985782455652952,0.016784386709332466,0.00021193412248976529,960.59
76300,0.194962739944458,0.002708906540647149,0.016590308398008347,0.00019705879094544798,870.61
76400,0.19423003494739532,0.002787539269775152,0.016443615779280663,0.00019184857956133783,938.46
76500,0.18825015425682068,0.002339357975870371,0.016299426555633545,0.0001862324570538476,1261.75
76600,0.19351045787334442,0.0029865894466638565,0.016177743673324585,0.00018671351426746696,1071.50
76700,0.1834341138601303,0.0021026907488703728,0.016056658700108528,0.00018406205344945192,765.28
76800,0.18163472414016724,0.0020389496348798275,0.015940943732857704,0.00018357986118644476,743.64
76900,0.17943908274173737,0.0019321410218253732,0.015828195959329605,0.00018357220687903464,746.84
77000,0.1776168793439865,0.0018622609786689281,0.015715979039669037,0.0001834481954574585,749.64
77100,0.20941129326820374,0.0039006108418107033,0.0167084913700819,0.0003320276737213135,769.20
77200,0.19547370076179504,0.0030046384781599045,0.016240475699305534,0.00030225535738281906,744.17
77300,0.1886916607618332,0.0025995124597102404,0.01599174365401268,0.000277909217402339,747.03
77400,0.18429423868656158,0.002346377819776535,0.0158223919570446,0.000260652246652171,761.12
77500,0.1809520721435547,0.0021619528997689486,0.01568557694554329,0.0002476782537996769,742.50
77600,0.17817476391792297,0.0020152032375335693,0.01556452363729477,0.00023774993314873427,754.42
77700,0.17575041949748993,0.0018927083583548665,0.01545216329395771,0.00023017032071948051,754.20
77800,0.17361852526664734,0.0017909309826791286,0.015346611849963665,0.00022430974058806896,750.32
77900,0.1716374009847641,0.0016989517025649548,0.015245072543621063,0.0002197165449615568,743.31
78000,0.16998696327209473,0.0016271673375740647,0.015155261382460594,0.00021626644593197852,820.51
78100,0.20661808550357819,0.0043063051998615265,0.015988104045391083,0.000367399217793718,780.01
78200,0.19550544023513794,0.0034523687791079283,0.01573333889245987,0.00036483717849478126,742.46
78300,0.18910881876945496,0.003014483256265521,0.015538390725851059,0.0003580058109946549,749.20
78400,0.18456953763961792,0.0027342147659510374,0.015373305417597294,0.0003494327247608453,745.75
78500,0.18101918697357178,0.0025310134515166283,0.015230736695230007,0.00034016897552646697,755.61
78600,0.17830967903137207,0.0023863338865339756,0.015112046152353287,0.0003325880679767579,753.20
78700,0.17568306624889374,0.0022506217937916517,0.014994977973401546,0.00032270641531795263,740.20
78800,0.1737668663263321,0.002168493578210473,0.01489396020770073,0.00031423295149579644,744.47
78900,0.17165865004062653,0.0020610589999705553,0.014796425588428974,0.0003083805786445737,782.40
79000,0.16997841000556946,0.001986920600757003,0.014706957153975964,0.0003039633156731725,787.06
79100,0.18385496735572815,0.003020946867763996,0.015010030008852482,0.0003545190847944468,744.60
79200,0.17789743840694427,0.002643867861479521,0.014812963083386421,0.0003329132159706205,747.74
79300,0.17422574758529663,0.0024446945171803236,0.014656046405434608,0.0003218339988961816,754.62
79400,0.17541570961475372,0.0026430077850818634,0.014573350548744202,0.0003252137394156307,748.87
79500,0.16903068125247955,0.002183962380513549,0.014408791437745094,0.00031031493563205004,757.71
79600,0.16698789596557617,0.002087431028485298,0.014305193908512592,0.0003061653987970203,748.27
79700,0.16520656645298004,0.002010989934206009,0.014207323081791401,0.00030234255245886743,850.68
79800,0.16350959241390228,0.0019398697186261415,0.014112410135567188,0.0002986799809150398,742.72
79900,0.1619488000869751,0.0018775226781144738,0.014021076261997223,0.0002962819708045572,9872.79
80000,0.16054926812648773,0.0018259475473314524,0.013935931026935577,0.00029304780764505267,801.43
80100,0.17784036695957184,0.003266615094617009,0.014230350032448769,0.0002870716853067279,1223.97
80200,0.17055627703666687,0.0027058380655944347,0.014069439843297005,0.0002803508541546762,1865.10
80300,0.17578227818012238,0.0032465243712067604,0.014040999114513397,0.000290705036604777,1782.17
80400,0.16319093108177185,0.0022397746797651052,0.013819776475429535,0.0002595417608972639,1299.60
80500,0.17753039300441742,0.0036225870717316866,0.013836401514708996,0.0002940501144621521,1183.85
80600,0.15861372649669647,0.0020005013793706894,0.013613504357635975,0.0002473670174367726,1525.31
80700,0.16132014989852905,0.002297310857102275,0.013578245416283607,0.0002564589667599648,1273.07
80800,0.15499532222747803,0.0018432523356750607,0.01341761089861393,0.0002386684500379488,1065.10
80900,0.15336768329143524,0.001782089238986373,0.013319741934537888,0.00023493554908782244,1632.60
81000,8.343536376953125,0.029323559254407883,0.6380050182342529,0.16702499985694885,1024.80
81100,3.406022548675537,0.0278910044580698,0.30311119556427,0.009600065648555756,833.31
81200,2.469481945037842,0.02511836588382721,0.21725983917713165,0.004569973796606064,825.99
81300,2.209376335144043,0.016946692019701004,0.20047010481357574,0.0035208130721002817,823.30
81400,2.0644679069519043,0.01309006754308939,0.19043876230716705,0.002917967736721039,824.07
81500,1.9046204090118408,0.010580349713563919,0.17749932408332825,0.002382370876148343,808.89
81600,1.6114872694015503,0.008579842746257782,0.1509026736021042,0.0016662158304825425,1242.37
81700,1.1695061922073364,0.007261802442371845,0.10882782191038132,0.0008609971846453846,7627.77
81800,1.0189615488052368,0.00547746242955327,0.09576406329870224,0.0006546278018504381,1674.61
81900,0.9541855454444885,0.003913345281034708,0.09093909710645676,0.0005661137402057648,6504.59
82000,0.9241642355918884,0.0030178362503647804,0.08888305723667145,0.0005155353574082255,825.28
82100,0.9090402126312256,0.002555093029513955,0.08787713944911957,0.00047178578097373247,834.69
82200,0.8993580341339111,0.002214042004197836,0.08726367354393005,0.0004580884997267276,830.99
82300,0.8931397795677185,0.002010486088693142,0.08685308694839478,0.00045039973338134587,845.64
82400,0.8872222900390625,0.0017864154651761055,0.08650045841932297,0.00043535284930840135,825.08
82500,0.882899284362793,0.0016428136732429266,0.08621861040592194,0.0004285089089535177,811.18
82600,0.879263699054718,0.0015252038137987256,0.0859760195016861,0.00042514671804383397,833.46
82700,0.8761931657791138,0.0014313249848783016,0.08576309680938721,0.000424896803451702,903.50
82800,0.873375415802002,0.0013428591191768646,0.08556832373142242,0.0004263631999492645,826.25
82900,0.870955228805542,0.0012697770725935698,0.08539741486310959,0.00042833038605749607,833.02
83000,0.8689044117927551,0.0012094625271856785,0.08524931967258453,0.0004316625709179789,822.93
83100,0.8686792254447937,0.001262320321984589,0.08515042066574097,0.00045518274419009686,824.16
83200,0.8667123913764954,0.0011848396388813853,0.08503430336713791,0.00045209593372419477,824.28
83300,0.8648931384086609,0.0011252091499045491,0.08491434901952744,0.00044975386117585003,818.69
83400,0.8631667494773865,0.0010693920776247978,0.08479784429073334,0.000449434359325096,829.85
83500,0.8625805377960205,0.0010644232388585806,0.08473850041627884,0.0004551306483335793,821.51
83600,0.8599584102630615,0.0009817240061238408,0.0845651924610138,0.00044892611913383007,849.83
83700,0.8588523864746094,0.0009670114959590137,0.08446783572435379,0.0004503897507674992,817.28
83800,0.8569970726966858,0.000912511139176786,0.08433917164802551,0.0004480254137888551,824.72
83900,0.8565756678581238,0.0009205393143929541,0.08429387956857681,0.0004431489505805075,822.66
84000,0.8541451096534729,0.0008571170037612319,0.08411051332950592,0.0004468840197660029,831.70
84100,0.8545317053794861,0.0009568656096234918,0.08400924503803253,0.0004870649427175522,822.67
84200,0.8527554869651794,0.0009137201122939587,0.08388331532478333,0.00047851441195234656,810.55
84300,0.8559094071388245,0.0013324760366231203,0.08376699686050415,0.0004914701567031443,821.95
84400,0.8495073318481445,0.0008491974440403283,0.08362940698862076,0.0004721313016489148,848.55
84500,0.848022997379303,0.0008297744207084179,0.08350048959255219,0.00047203584108501673,928.30
84600,0.846417248249054,0.0008106704335659742,0.08335698395967484,0.00047407104284502566,832.81
84700,0.8448871374130249,0.0007928161649033427,0.08321970701217651,0.00047619070392102003,819.64
84800,0.8431286215782166,0.0007852079579606652,0.0830475240945816,0.0004801338363904506,826.97
84900,0.8522000908851624,0.0018165975343436003,0.08289523422718048,0.0005081816343590617,839.80
85000,0.8395519256591797,0.0007724009919911623,0.08269309997558594,0.0004896934842690825,818.86
85100,0.8410489559173584,0.0008722749189473689,0.08264660090208054,0.0005860204691998661,830.37
85200,0.8372106552124023,0.0007916357717476785,0.08235733211040497,0.0005720982444472611,835.97
85300,0.8336055278778076,0.0007788568618707359,0.08202409744262695,0.0005576002295129001,858.46
85400,0.83054518699646,0.0008274449501186609,0.08168557286262512,0.0005415023770183325,828.13
85500,0.8250591158866882,0.0007939730421639979,0.08117237687110901,0.0005395589978434145,835.89
85600,0.8198044300079346,0.0008089481852948666,0.08063608407974243,0.0005354116437956691,846.49
85700,0.8137078285217285,0.0008185679325833917,0.08002470433712006,0.0005275082658044994,850.82
85800,0.807282567024231,0.0008353510638698936,0.07937770336866379,0.0005151979858055711,844.38
85900,0.8009880185127258,0.0008352042059414089,0.07876291126012802,0.000500683207064867,820.92
86000,0.7954893708229065,0.0008332799188792706,0.07823145389556885,0.0004842015914618969,821.08
86100,0.8149474263191223,0.0027086834888905287,0.07819753885269165,0.0005885182763449848,826.56
86200,0.7933968901634216,0.0010357066057622433,0.07772685587406158,0.0005771267460659146,819.12
86300,0.7889156937599182,0.0009430208592675626,0.07736551016569138,0.0005830336012877524,1070.63
86400,0.7857002019882202,0.0009611459099687636,0.07701987773180008,0.0005889975582249463,1931.42
86500,0.7807857990264893,0.0008322473149746656,0.0766424685716629,0.0006038668216206133,3074.43
86600,0.7768309116363525,0.0007972321473062038,0.07626967132091522,0.000616189674474299,1834.62
86700,0.7867838144302368,0.0016077938489615917,0.07641714811325073,0.0006534405401907861,1219.22
86800,0.7673777341842651,0.0007614986388944089,0.07532928884029388,0.0006469837971962988,1558.68
86900,0.7613523602485657,0.0007625163998454809,0.07471000403165817,0.0006627132534049451,940.69
87000,0.754523515701294,0.0007797876605764031,0.07399550080299377,0.000677058647852391,909.74
87100,0.7532521486282349,0.0012361897388473153,0.07337711751461029,0.0007119033252820373,887.53
87200,0.7433242201805115,0.0011533258948475122,0.0724635049700737,0.000715586997102946,947.79
87300,0.7311002612113953,0.0010441836202517152,0.07135830819606781,0.0007075329194776714,1035.56
87400,0.7222649455070496,0.0015139569295570254,0.07002218812704086,0.0006903481553308666,822.18
87500,0.6998913288116455,0.001118384301662445,0.06821432709693909,0.0006564203649759293,832.30
87600,0.6767640709877014,0.0012876334367319942,0.0657753199338913,0.0006134529830887914,768.64
87700,0.6452375650405884,0.0016644129063934088,0.06228860840201378,0.0005707363015972078,771.99
87800,0.6138306856155396,0.0025358099956065416,0.05837423726916313,0.0004730253422167152,777.71
87900,0.5793382525444031,0.002511006547138095,0.05495654419064522,0.0004662748833652586,764.58
88000,0.5710465908050537,0.00300582661293447,0.053592827171087265,0.0005060050170868635,770.77
88100,0.5455358624458313,0.003545057261362672,0.050700291991233826,0.0003082350885961205,755.70
88200,0.5171205997467041,0.003642688738182187,0.04776989668607712,0.00029946971335448325,766.10
88300,0.4934556484222412,0.0038562254048883915,0.045194629579782486,0.00029470992740243673,806.37
88400,0.4738118350505829,0.004152275621891022,0.0429387092590332,0.000290199852315709,767.40
88500,0.4585537910461426,0.004447702318429947,0.04110478609800339,0.0003028884530067444,770.23
88600,0.43732887506484985,0.004300841595977545,0.0391274020075798,0.000304642686387524,760.34
88700,0.40804457664489746,0.004328364972025156,0.03618212416768074,0.0002939692931249738,775.96
88800,0.4387226402759552,0.0068184081465005875,0.036746565252542496,0.0003072918625548482,767.63
88900,0.3916575014591217,0.004010426811873913,0.03485332429409027,0.00030199807952158153,759.45
89000,0.3793187439441681,0.003866798710078001,0.033764682710170746,0.0003003930323757231,954.49
89100,0.4034067690372467,0.006069132126867771,0.033929601311683655,0.00034194288309663534,888.32
89200,0.3840031325817108,0.005209857132285833,0.03284108638763428,0.00034936904557980597,999.52
89300,0.3723890483379364,0.004719432443380356,0.03219275176525116,0.000326719629811123,763.47
89400,0.36262109875679016,0.00429755263030529,0.031658343970775604,0.0003062130999751389,757.70
89500,0.35352760553359985,0.003915255889296532,0.031147046014666557,0.0002904599532485008,768.78
89600,0.3675419092178345,0.003993112128227949,0.032445669174194336,0.000315409415634349,771.71
89700,0.34411731362342834,0.003451915457844734,0.030702298507094383,0.0002575165999587625,758.17
89800,0.34398353099823,0.0035925698466598988,0.030557839199900627,0.0002479467657394707,754.84
89900,0.3280901610851288,0.002777728484943509,0.02979193441569805,0.0002393548347754404,776.11
90000,0.32451117038726807,0.0026417369954288006,0.02958144247531891,0.0002279383916174993,759.84
90100,0.39811909198760986,0.004206902347505093,0.03474412113428116,0.000860886590089649,761.77
90200,0.358298122882843,0.004156934097409248,0.03135230392217636,0.0003205715911462903,777.26
90300,0.34397345781326294,0.0036386491265147924,0.0305608119815588,0.00019788472854997963,754.88
90400,0.33435001969337463,0.003239881480112672,0.03001433238387108,0.00018078800349030644,761.91
90500,0.32680732011795044,0.0029187945183366537,0.029584510251879692,0.0001774273405317217,764.38
90600,0.3203658163547516,0.0026466953568160534,0.029213465750217438,0.00017642202146817,765.88
90700,0.3147144615650177,0.0024139536544680595,0.028881195932626724,0.0001762997853802517,897.15
90800,0.30990272760391235,0.002224018331617117,0.028590146452188492,0.000176108384039253,851.25
90900,0.3127501904964447,0.002566554117947817,0.02853134274482727,0.00017711998953018337,1009.38
91000,0.3021222949028015,0.0019253119826316833,0.02810969017446041,0.00017722714983392507,4156.10
91100,0.5353118777275085,0.004136913456022739,0.048796672374010086,0.000597602513153106,825.17
91200,0.4681621491909027,0.003947382792830467,0.042427171021699905,0.00044166031875647604,804.26
91300,0.44369205832481384,0.003858750918880105,0.04008471220731735,0.00042574229883030057,793.34
91400,0.4291066825389862,0.0036222273483872414,0.038878414779901505,0.00041002631769515574,819.74
91500,0.41809940338134766,0.003448301227763295,0.03796541690826416,0.000396223331335932,820.24
91600,0.4080926179885864,0.003257927019149065,0.0371607206761837,0.00039061345160007477,810.11
91700,0.4000515639781952,0.003095342079177499,0.03652629256248474,0.00038352387491613626,793.10
91800,0.39299649000167847,0.00297368410974741,0.035949911922216415,0.0003760516410693526,808.84
91900,0.3864390254020691,0.002878330647945404,0.03539551421999931,0.00037005561171099544,805.90
92000,0.3799915015697479,0.0028160831425338984,0.03481832146644592,0.0003647449193522334,795.30
92100,2.89375638961792,0.019895173609256744,0.25649189949035645,0.012988557107746601,812.65
92200,2.4035942554473877,0.011259747669100761,0.22212627530097961,0.0069734081625938416,795.88
92300,2.176391839981079,0.008266156539320946,0.2045452892780304,0.004827734082937241,804.92
92400,1.9980285167694092,0.006840486545115709,0.18924236297607422,0.0037199929356575012,808.44
92500,1.8284528255462646,0.006048647686839104,0.17383025586605072,0.0029663853347301483,799.53
92600,1.6595954895019531,0.005595851689577103,0.15795308351516724,0.0024106085766106844,799.60
92700,1.49236261844635,0.0052447086200118065,0.14196331799030304,0.002028236398473382,806.70
92800,1.3210294246673584,0.004842796362936497,0.1258876472711563,0.0013724983436986804,805.24
92900,1.1572870016098022,0.004660649225115776,0.10990777611732483,0.0011602770537137985,800.49
93000,1.0253723859786987,0.004512889310717583,0.09693589806556702,0.0010884532239288092,804.38
93100,0.9274234175682068,0.004044403787702322,0.08766380697488785,0.0010341359302401543,800.24
93200,0.8630738258361816,0.0038337542209774256,0.08146490156650543,0.001008733524940908,804.92
93300,0.8194147348403931,0.0037130943965166807,0.07728810608386993,0.0009402772411704063,804.16
93400,0.7830491065979004,0.0035610683262348175,0.07390682399272919,0.0008370153955183923,828.07
93500,0.7531440258026123,0.003438969375565648,0.07109954208135605,0.0007758938590995967,835.83
93600,0.7263152003288269,0.0033707458060234785,0.06852557510137558,0.000735199311748147,802.95
93700,0.7013355493545532,0.003345657140016556,0.06608103960752487,0.000706859165802598,806.24
93800,0.6764665246009827,0.0033282414078712463,0.06363706290721893,0.0006813491927459836,803.72
93900,0.6544110178947449,0.0033916961401700974,0.06138044595718384,0.000668962427880615,800.34
94000,0.6318758130073547,0.0034397628623992205,0.05909404531121254,0.0006537713343277574,795.83
94100,0.6100223660469055,0.003492271527647972,0.05684778094291687,0.0006621848442591727,808.31
94200,0.5848203301429749,0.003458866383880377,0.05434814840555191,0.0006750144530087709,802.50
94300,0.5599246025085449,0.0035027400590479374,0.051806479692459106,0.0006832405924797058,795.18
94400,0.5354710817337036,0.0035980972461402416,0.04926731437444687,0.0006816909299232066,800.84
94500,0.511612057685852,0.003718557534739375,0.04677562415599823,0.0006670246366411448,826.46
94600,0.48914098739624023,0.0038521585520356894,0.04441727697849274,0.0006446623592637479,808.05
94700,0.4683275520801544,0.003996125888079405,0.04222112149000168,0.0006155059672892094,803.96
94800,0.44934290647506714,0.004079040139913559,0.04027236998081207,0.0005828790017403662,795.13
94900,0.4323287904262543,0.004117835778743029,0.03856509178876877,0.0005499505787156522,806.25
95000,0.4184958040714264,0.004127912689000368,0.03720088303089142,0.0005207838257774711,813.36
95100,0.43088626861572266,0.005743615794926882,0.03660924360156059,0.000735767069272697,797.84
95200,0.41818150877952576,0.0053253029473125935,0.03573098033666611,0.0007618657546117902,796.43
95300,0.4070465564727783,0.0050596739165484905,0.03487240523099899,0.0007725741597823799,804.76
95400,0.3965558409690857,0.004849493503570557,0.03402576968073845,0.0007803207845427096,802.32
95500,0.3867001235485077,0.00464532570913434,0.03323997184634209,0.0007847134256735444,805.34
95600,0.3772534728050232,0.0044542159885168076,0.03248215466737747,0.0007889781263656914,802.87
95700,0.3684837818145752,0.004267352633178234,0.031793735921382904,0.0007872876012697816,816.29
95800,0.3600234389305115,0.004084861371666193,0.031130077317357063,0.0007874027942307293,797.11
95900,0.3522343933582306,0.003908439539372921,0.03053263947367668,0.0007823584601283073,820.65
96000,0.3447916805744171,0.0037468108348548412,0.029953602701425552,0.0007787567446939647,796.64
96100,0.3526090979576111,0.0047494154423475266,0.030012056231498718,0.0004994390765205026,798.84
96200,0.3389557898044586,0.0040560695342719555,0.029324935749173164,0.0005145715549588203,803.43
96300,0.32957643270492554,0.003692624159157276,0.028748925775289536,0.000516093394253403,808.90
96400,0.32126685976982117,0.0034178458154201508,0.02819535695016384,0.0005134824896231294,800.29
96500,0.3139459788799286,0.0031788144260644913,0.027710970491170883,0.0005048121674917638,815.63
96600,0.3068946599960327,0.002969632623717189,0.027218803763389587,0.0005010315217077732,856.34
96700,0.3007270395755768,0.00280983978882432,0.02677992731332779,0.00048293833970092237,872.50
96800,0.2942360043525696,0.002622024156153202,0.02632288821041584,0.0004786875215359032,840.39
96900,0.2886112332344055,0.002471236977726221,0.025924796238541603,0.00046509018284268677,824.29
97000,0.28354763984680176,0.0023647695779800415,0.02553696744143963,0.00045302731450647116,831.10
97100,0.29506149888038635,0.0036182538606226444,0.025533437728881836,0.00035445959656499326,882.96
97200,0.2875329852104187,0.003277116920799017,0.025155605748295784,0.00032057540374808013,1302.00
97300,0.2815467119216919,0.003043700708076358,0.0248146653175354,0.0002963071456179023,1284.97
97400,0.31418853998184204,0.006614795420318842,0.024545995518565178,0.00025806439225561917,1050.45
97500,10.416513442993164,0.031545016914606094,0.7359476089477539,0.2741587460041046,853.82
97600,3.6526918411254883,0.027998367324471474,0.32257306575775146,0.01469775103032589,906.99
97700,2.3763303756713867,0.020616568624973297,0.2131214439868927,0.0038950257003307343,809.89
97800,2.1079249382019043,0.014046462252736092,0.19342295825481415,0.003323080250993371,813.31
97900,1.9604476690292358,0.011362703517079353,0.18172582983970642,0.002956221578642726,768.79
98000,1.7366156578063965,0.009920734912157059,0.16124311089515686,0.002497717272490263,770.70
98100,1.25576913356781,0.009447496384382248,0.11433792859315872,0.0017914867494255304,893.61
98200,1.0405436754226685,0.0073686991818249226,0.09539847075939178,0.0012872030492872,784.24
98300,0.9706764221191406,0.005694327410310507,0.09050856530666351,0.0008647434879094362,757.32
98400,0.9423747062683105,0.004746330436319113,0.08879267424345016,0.0006984680658206344,765.99
98500,0.9275481700897217,0.004090311471372843,0.08801750093698502,0.0006470112130045891,764.66
98600,0.9178834557533264,0.003587455488741398,0.08756956458091736,0.000631323957350105,814.79
98700,0.9107262492179871,0.0031885714270174503,0.08726358413696289,0.0006204653764143586,866.01
98800,0.9048619270324707,0.0028572040610015392,0.0870296061038971,0.0005993814556859434,811.38
98900,0.899738609790802,0.0025700614787638187,0.08683504164218903,0.0005687588127329946,825.52
99000,0.8952812552452087,0.0023262908216565847,0.08666330575942993,0.000538526801392436,779.43
99100,0.892037034034729,0.002217823639512062,0.08651316165924072,0.0004727169289253652,798.75
99200,0.8880290389060974,0.0020025072153657675,0.08633915334939957,0.0004612459451891482,945.03
99300,0.8845770359039307,0.0018330425955355167,0.08617355674505234,0.00045110273640602827,903.87
99400,0.8817375302314758,0.0016955884639173746,0.08603514730930328,0.0004430152184795588,1133.97
99500,0.8790709972381592,0.001593131572008133,0.08587297797203064,0.00044098932994529605,1077.69
99600,0.8768349885940552,0.0015042151790112257,0.08573998510837555,0.0004393063427414745,852.54
99700,0.8749924898147583,0.001432034419849515,0.08562714606523514,0.00044007430551573634,775.76
99800,0.8729774355888367,0.0013614133931696415,0.08549666404724121,0.00043966498924419284,773.39
99900,0.8712917566299438,0.001304309698753059,0.08538485318422318,0.00044001167407259345,787.36
100000,0.8696719408035278,0.0012491592206060886,0.08527622371912003,0.00044181299745105207,779.15
